[{"model": "recipes.title", "pk": 1, "fields": {"name_en": "pork meatballs", "name_lv": "cūkgaļas kotletes", "name_ru": "свиные фрикадельки"}}, {"model": "recipes.title", "pk": 2, "fields": {"name_en": "Pork meatballs in vegetable sauce", "name_lv": "Cūkgaļas kotletes dārzeņu mērcē", "name_ru": "Свиные котлеты в овощном соусе"}}, {"model": "recipes.title", "pk": 3, "fields": {"name_en": "Stewed courgettes", "name_lv": "Sautēti kabači", "name_ru": "Тушеные кабачки"}}, {"model": "recipes.title", "pk": 4, "fields": {"name_en": "Zucchini - tomato stew with feta cheese", "name_lv": "Kabaču - tomātu sautējums ar fetas sieru", "name_ru": "Кабачки – томатное рагу с сыром фета"}}, {"model": "recipes.title", "pk": 5, "fields": {"name_en": "Savory cake \"Mister Zucchini\"", "name_lv": "Sāļā torte \"Misters Kabacis\"", "name_ru": "Пикантный торт «Мистер Кабачок»"}}, {"model": "recipes.title", "pk": 6, "fields": {"name_en": "Hearty zucchini stew", "name_lv": "Sātīgais kabaču sacepums", "name_ru": "Сытное рагу из кабачков"}}, {"model": "recipes.title", "pk": 7, "fields": {"name_en": "Fried chicken on salt mayonnaise in a skin", "name_lv": "Cepta vista uz sāls majonēzes kažociņā", "name_ru": "Жареная курица на соленом майонезе в шкурке"}}, {"model": "recipes.title", "pk": 8, "fields": {"name_en": "Feta baked in panko breadcrumbs with berries and sweet and sour sauce", "name_lv": "Panko rīvmaizē cepta feta ar ogām un saldskābo mērci", "name_ru": "Фета, запеченная в сухарях панко с ягодами и кисло-сладким соусом"}}, {"model": "recipes.title", "pk": 9, "fields": {"name_en": "Gingerbread cream with fresh berry sauce and tangerines", "name_lv": "Piparkūku krēms ar svaigu ogu mērci un mandarīniem", "name_ru": "Имбирный крем с соусом из свежих ягод и мандаринами"}}, {"model": "recipes.title", "pk": 10, "fields": {"name_en": "Quick tomato-Turkish pea soup with tuna and coconut milk", "name_lv": "Fiksā tomātu-turku zirņu zupa ar tunci un kokospienu", "name_ru": "Быстрый томатно-гороховый суп из индейки с тунцом и кокосовым молоком"}}, {"model": "recipes.title", "pk": 11, "fields": {"name_en": "Zucchini - cheese waffles with smoked salmon", "name_lv": "Cukīni – siera vafeles ar kūpinātu lasi", "name_ru": "Кабачки - сырные вафли с копченым лососем"}}, {"model": "recipes.title", "pk": 12, "fields": {"name_en": "Salad \"Summer\" with eggs and cottage cheese", "name_lv": "Salāti \"Vasara\" ar olām un biezpienu", "name_ru": "Салат «Летний» с яйцом и творогом"}}, {"model": "recipes.title", "pk": 13, "fields": {"name_en": "Radish and cottage cheese salad", "name_lv": "Redīsu un biezpiena salāti", "name_ru": "Салат из редиса и творога"}}, {"model": "recipes.title", "pk": 14, "fields": {"name_en": "Pumpkin spice latte or pumpkin latte in Latvian taste", "name_lv": "Pumpkin spice latte jeb ķirbja latte latvieša gaumē", "name_ru": "Латте с тыквенными специями или тыквенный латте по-латвийски"}}, {"model": "recipes.title", "pk": 15, "fields": {"name_en": "Latgale salad according to grandmother's recipe", "name_lv": "Latgales salāti pēc vecmāmiņas receptes", "name_ru": "Латгальский салат по бабушкиному рецепту"}}, {"model": "recipes.title", "pk": 16, "fields": {"name_en": "Cottage cheese concoction with condensed milk", "name_lv": "Biezpiena sacepums ar kondensēto pienu", "name_ru": "Творожная смесь со сгущенкой"}}, {"model": "recipes.title", "pk": 17, "fields": {"name_en": "Halloween Appetizer \"Scary Eyes\"", "name_lv": "Halovīna uzkoda \"Baisās acis\"", "name_ru": "Хэллоуинская закуска «Страшные глаза»"}}, {"model": "recipes.title", "pk": 18, "fields": {"name_en": "Beer-whiskey cocktail \"Strength Technique\"", "name_lv": "Alus-viskija kokteilis \"Spēka Paņēmiens\"", "name_ru": "Пивно-виски-коктейль «Техника Силы»"}}, {"model": "recipes.description", "pk": 2, "fields": {"name_en": "1. Finely chop the onion, fry it golden brown in a pan.\n2. Crush the slices of white bread, put them in a bowl and pour milk over them to soak them.\n3. Add fried onions, pressed garlic (the amount depends on each person), soaked and pressed white bread, egg, sour cream, salt and pepper to the minced meat. Everything is mixed.\n4. Fry in a pan until brown on both sides. Put in a duck with a small amount of water, stew.\n5. Bon appetit!", "name_lv": "1. Smalki sagriež sīpolu, pannā apcep zeltaini brūnus.\n2. Baltmaizes šķēles saplucina, liek bļodā un aplej ar pienu, lai izmirkst.\n3. Maltajai gaļai pievieno apceptos sīpolus, izspiestu ķiploku (daudzums katra paša ziņā), izmērcētu un saspaidītu baltmaizi, olu, skābo krējumu, sāli un piparus. Visu sajauc.\n4. Cep pannā no abām pusēm brūnas. Liek pīlē ar nelielu ūdens daudzumu, sautē.\n5. Labu apetīti!", "name_ru": "«1. Мелко нарезаем лук, обжариваем его на сковороде до золотистого цвета.\n2. Разомните ломтики белого хлеба, положите их в миску и залейте молоком, чтобы они пропитались.\n3. Добавьте в фарш обжаренный лук, прессованный чеснок (количество зависит от каждого человека), размоченный и прессованный белый хлеб, яйцо, сметану, соль и перец. Все смешано.\n4. Обжарить на сковороде до румяного цвета с обеих сторон. Положите утку в небольшое количество воды, потушите.\n5. Приятного аппетита!»"}}, {"model": "recipes.description", "pk": 3, "fields": {"name_en": "\"1. Meatball dough is made from meat and other products.\n2. Bake the meatballs as usual.\n3. Blanch the tomatoes, cut them.\n4. Cut the peppers and onions and put them on the pan to fry. After a while, tomatoes are also added, everything is simmered together on a low flame.\n5. When the paprika has become softer, add tomato sauce, salt, pepper and bay leaf, add a little water. Heat everything together, then add the meatballs and simmer for ~ 10 minutes.\n\nBon appetite!\"", "name_lv": "1. No gaļas un pārējiem produktiem pagatavo kotlešu mīklu.\n2. Izcep kotletes kā ierasts.\n3. Noblanšē tomātus, sagriež.\n4. Sagriež papriku, sīpolus un liek uz pannas cepties. Pēc brīža pievieno arī tomātus, visu kopā sutina uz nelielas liesmas.\n5. Kad paprika palikusi mīkstāka, pievieno tomātu mērci, sāli, piparus un lauru lapu, pielej nedaudz ūdens. Visu kopā uzkarsē, tad pievieno kotletes un sautē ~ 10 minūes.\n\nLabu apetīti!", "name_ru": "«1. Тесто для фрикаделек готовят из мяса и других продуктов.\n2. Выпекайте тефтели как обычно.\n3. Бланшируем помидоры, нарезаем их.\n4. Нарезаем перец и лук и выкладываем на сковороду жариться. Через некоторое время добавляются также помидоры, все вместе тушится на медленном огне.\n5. Когда паприка станет мягче, добавьте томатный соус, соль, перец и лавровый лист, добавьте немного воды. Нагрейте все вместе, затем добавьте фрикадельки и тушите ~ 10 минут.\n\nПриятного аппетита!\""}}, {"model": "recipes.description", "pk": 4, "fields": {"name_en": "\"1. Zucchini is cut into medium-sized pieces. Fry quickly in heated fat, put in a pot.\n2. Cut the onion, garlic and chili pepper. Also fried, sprinkled with courgettes.\n3. Pour over a small amount of water, add tomato sauce, salt and pepper. Stew for 15 minutes.\nServe with a generous amount of chopped dill.\"", "name_lv": "1. Kabaci sagriež vidēji lielos gabalos. Sakarsētās taukvielās strauji apcep, liek katliņā.\n2. Sagriež sīpolu, ķiploku un čili piparu. Arī apcep, ber pie kabačiem.\n3. Pārlej ar nelielu daudzumu ūdens, pievieno tomātu mērci, sāli un piparus. Sautē 15 minūtes.\nPasniedz ar kārtīgu daudzumu sasmalcinātu diļļu.", "name_ru": "\"1. Zucchini is cut into medium-sized pieces. Fry quickly in heated fat, put in a pot.\n2. Cut the onion, garlic and chili pepper. Also fried, sprinkled with courgettes.\n3. Pour over a small amount of water, add tomato sauce, salt and pepper. Stew for 15 minutes.\nServe with a generous amount of chopped dill.\""}}, {"model": "recipes.description", "pk": 5, "fields": {"name_en": "\"1. Cut the zucchini into slices, chop the onion, cut the tomatoes in half if using fresh ones. Chop the garlic\n2. Lightly fry the sliced onions in a small amount of oil heated in a pot, then add the zucchini and fry for another 5-7 minutes.\n3. Add tomatoes, garlic, bouillon cube, pepper. Everything is stewed under the lid for 15 minutes until the vegetables are soft. A pinch of sugar is also added to balance the flavors - the tomato will give quite a sourness. Serve with feta or goat cheese crumbles and herbs to taste. Bon appetite!\"", "name_lv": "1. Šķēlēs sagriež cukini, sasmalcina sīpolu, pārgriež uz pusēm tomātus, ja izmanto svaigos. Ķiplokus sakapā\n2. Katliņā uzkarsētā nelielā daudzumā eļļas, sagrieztos sīpolus viegli apcep, tad pievieno cukīni un cep vēl 5-7 minūtes.\n3. Liek klāt tomātus, ķiplokus, buljona kubiņu, piparus. Visu sautēz zem vāka 15 minūtes, līdz dārzeņi mīksti. Pievieno arī šķipsnu cukura, lai izlīdzinātu garšas - tomāts dos diezgan skābuma. Pasniedz ar fetas vai kazas siera drumstalām un zaļumiem pēc garšas. Labu apetīti!", "name_ru": "«1. Кабачки нарезать ломтиками, лук нашинковать, помидоры разрезать пополам, если используете свежие. Чеснок измельчить.\n2. Слегка обжарьте нарезанный лук в небольшом количестве разогретого в кастрюле масла, затем добавьте кабачки и жарьте еще 5-7 минут.\n3. Добавьте помидоры, чеснок, бульонный кубик, перец. Все тушится под крышкой 15 минут до мягкости овощей. Для балансировки вкуса также добавляется щепотка сахара – томат придаст изрядную кислинку. Подавайте с крошками феты или козьего сыра и зеленью по вкусу. Приятного аппетита!\""}}, {"model": "recipes.description", "pk": 6, "fields": {"name_en": "\"1. Chop the vegetables:\nZucchini is grated on a beet grater. Add salt, mix and allow the liquid to separate. Cut onions, carrots, fry them light brown in oil. Finely chop the dill.\n2. Everything is mixed. Bake pancakes from it.:\nDrain the liquid from the courgettes. Mix zucchini, fried onions and carrots, dill, eggs, crushed garlic clove, flour and salt, pepper in a bowl. Bake as many pancakes as you can.\n3. Put layers - sauce and tomatoes in the middle. Decorate as you like! Let it sink in! :\nPrepare the sauce: mayonnaise, cream, remaining crushed garlic cloves.\nLeave to infuse a little. Be careful with your fingers - you can accidentally eat them with the cake :) \"", "name_lv": "1. Sasmalcina dārzeņus:\nKabačus sarīvē uz biešu rīves Pieber sāli, samaisa un ļauj izdalīt škidrumu. Sagriež sīpolus, burkānus, apcep gaiši brūnus eļļā. Smalki sagriež dilles. \n2. Visu sajauc. Cep pankūkas no tā.: \nNo kabačiem notecina šķidrumu. Bļodā sajauc kabačus, saceptos sīpolus un burkānus, dilles, olas, saspiestu ķiploka daiviņu, miltus un sāli, piparus. Izcep tik pankūkas, cik sanāk. \n3. Liek kārtas - pa vidu mērci un tomātus. Dekorē pēc patikas! Ļauj ievilkties! : \nSagatavo mērci: majonēze, krējums, atlikušās saspiestās ķiploka daiviņas. \nAtstāt nedaudz ievilkties. Uzmanīgi ar pirkstiem - tos var nejauši apēst kopā ar kūku :) ", "name_ru": "«1. Нарезаем овощи:\nКабачки натирают на свекольной терке, добавляют соль, перемешивают и дают жидкости стечь. Нарезаем лук, морковь, обжариваем их до румяного цвета на масле. Мелко нарезаем укроп.\n2. Все перемешано. Испеките из него блины:\nСлейте с кабачков жидкость. Смешать в миске кабачки, обжаренные лук и морковь, укроп, яйца, измельченный зубчик чеснока, муку и соль, перец. Испеките как можно больше блинов.\n3. Выложить слоями – посередине соус и помидоры. Украшайте, как вам нравится! Пусть оно утонет! :\nПриготовьте соус: майонез, сливки, оставшиеся измельченные зубчики чеснока.\nОставить немного настояться. Будьте осторожны с пальцами — их можно случайно съесть вместе с тортом :)»"}}, {"model": "recipes.description", "pk": 7, "fields": {"name_en": "\"1. Cut the zucchini into medium-thick slices, cover with salt and let stand for 10 minutes.\n2. Beat eggs in one bowl, pour flour into another bowl. It is necessary for breading.\n3. Roll each roll in flour, then in egg and fry in heated fat until each roll is golden. It is not necessary to fry for a long time, because the zucchini should remain firm - an egg and small flames fry it and you can take it out of the pan.\n4. Then clean carrots - grate, onions - cut. Fry everything in a pan. Also, do not cook for long until the vegetables change color and become softer. Persilada is added here - a seasoning that includes salt, parsley and dried garlic.\n5. Prepare the rest of the ingredients - grate the cheese (you can use it at your own discretion, I use Maasdam).\n6. Chop the dill and garlic, pour the beaten egg into a bowl, pour over the sweet cream.\n7. Layer the concoction: put the zucchini slices at the bottom of the dish, cover the carrot and onion mass on top.\n8. Add a little cheese.\n9. Place the layers one after the other until the container is full.\n10. You can put more carrots and onions, you can safely use any other vegetable, for example, paprika.\n11. When all the layers are arranged, pour over the cream-dill mass and add a little more cheese.\n12. Preheat the oven. Bake at 190 degrees for 20 minutes.\"", "name_lv": "1. Kabačus sagriež vidēji biezās šķēlēs, apber ar sāli un ļauj 10 minūtes pastāvēt.\n2. Sakuļ olas vienā bļodiņā, citā traukā ieber miltus. Tas nepieciešams panēšanai.\n3. Katru ripiņu apvārta miltos, tad olā un liek cepties sakarsētās taukvielās, līdz katra ripiņa zeltaina. Nav nepieciešams cept ilgi, jo kabacim jāpaliek stingram - apcepas ola un nelielas liesmas un var ņemt nost no pannas.\n4. Tad notīra burkānus - sarīvē, sīpolus - sagriež. Visu liek pannā cepties. Arī necep ilgi, līdz dārzeņi maina krāsu un kļūst mīkstāki. Šeit pievieno persilādi - garšviela, kas sevī ietver sāli, pētersīļus un kaltētu ķiploku.\n5. Sagatavo pārējās sastāvdaļas - sarīvē sieru (to var ņemt pēc paša ieskatiem, es izmantoju Maasdam).\n6. Sasmalcina dilles un ķiploku, ber bļodiņā kurā sakulta ola, pārlej ar saldo krējumu.\n7. Kārto sacepumu: trauka apakšā liek kabača šķēles, pa virsu klāj burkānu un sīpolu masu.\n8. Uzber nedaudz sieru.\n9. Liek kārtas secīgi vienu pēc otras, līdz trauks pilns.\n10. Burkānus un sīpolus var likt vairāk, droši var izmantot arī kādu citu dārzeni, piemēram, papriku.\n11. Kad visas kārtas sakārtotas, pārlej ar krējuma-diļļu masu un uzber vēl nedaudz sieru.\n12. Krāsni iepriekš sakarsē. Cep 190 grādos 20 minūtes.", "name_ru": "«1. Кабачки нарезаем ломтиками средней толщины, засыпаем солью и даем постоять 10 минут.\n2. В одной миске взбейте яйца, в другую насыпьте муку. Это необходимо для панировки.\n3. Каждый рулет обвалять в муке, затем в яйце и обжаривать на разогретом жире до золотистого цвета. Долго жарить не обязательно, ведь кабачки должны остаться твердыми – яйцо и небольшой огонь поджаривают их и можно доставать из сковороды.\n4. Затем чистим морковь – натираем, лук – режем. Обжарьте все на сковороде. Также не готовьте долго, пока овощи не изменят цвет и не станут мягче. Сюда добавляется персилада – приправа, в состав которой входит соль, петрушка и сушеный чеснок.\n5. Подготовьте остальные ингредиенты – натрите сыр (можете использовать по своему усмотрению, я использую Маасдам).\n6. Нарезаем укроп и чеснок, выливаем в миску взбитое яйцо, заливаем сладкими сливками.\n7. Выкладываем смесь слоями: на дно формы выкладываем ломтики кабачков, сверху накрываем морковно-луковой массой.\n8. Добавьте немного сыра.\n9. Выкладывайте слои один за другим, пока контейнер не заполнится.\n10. Моркови и лука можно положить побольше, можно смело использовать любой другой овощ, например, перец.\n11. Когда все слои разложены, залейте сливочно-укропной массой и добавьте еще немного сыра.\n12. Разогрейте духовку. Выпекать при 190 градусах 20 минут»."}}, {"model": "recipes.description", "pk": 8, "fields": {"name_en": "\"1. Spread 1 kg of salt evenly on the pan.\n2. Then lay the chicken belly down on the salt and bake for about 40 minutes at 200 degrees.\n3. When a brown crust appears on the chicken, take it out of the oven and smear the top with mayonnaise and bake for another 15 minutes until the mayonnaise \"coat\" turns golden brown.", "name_lv": "1. Uz pannas vienmērīgi izlīdzina 1 kg sāls,.\n2. Tad vistu nogulda ar vēderu uz sāls un cep apmēram 40 minūtes 200 grādos.\n3. Kad vistiņai parādās brūna garoziņa, to izvelk no krāsns un nosmērē virspusi ar majonēzi un cep vēl 15 minūtes līdz majonēzes \"kažociņš\" kļūst zeltaini brūns.", "name_ru": "«1. Равномерно распределите по сковороде 1 кг соли.\n2. Затем выложите на соль куриное брюшко вниз и запекайте около 40 минут при 200 градусах.\n3. Когда на курице появится румяная корочка, достаньте ее из духовки, смажьте сверху майонезом и запекайте еще 15 минут, пока майонезная «шубка» не станет золотисто-коричневой."}}, {"model": "recipes.description", "pk": 9, "fields": {"name_en": "\"1. Cut a thick slice of feta, dry it thoroughly, roll it in flour, then in a beaten egg, then in panko breadcrumbs. Leave it to soak for 5 minutes\n2. Bake in a large amount of oil at +180C for about 8 minutes.\n3. Drain the excess oil by placing the golden browned cheese on a paper towel\n4. Grated grapefruit peel and juice are mixed with pomegranate syrup and honey.\n5. Put the berries on the serving plate, pour over the sauce, put the fried cheese on top. Bon appetite!\"", "name_lv": "1. Nogriež biezu šķēli fetas, kārtīgi nosusina, apviļā miltos, tad sakultā olā, pēc tam – panko rīvmaizē. Atstāj uz 5 minūtēm ievilkties\n2. Cep lielā eļļas daudzumā +180C aptuveni 8 minūtes.\n3. Notecina lieko eļļu, uzliekot zeltaini apbrūnējušo sieru uz papīra dvieļa\n4. Rīvētu greipfrūta mizu un sulu sajauc ar granātābolu sīrupu un medu.\n5. Uz servējamā šķīvja liek ogas, pārlej ar mērci, virsū liek apcepto sieru. Labu apetīti!", "name_ru": "«1. Нарезаем толстый ломтик феты, тщательно обсушиваем, обваливаем в муке, затем во взбитом яйце, затем в сухарях панко. Оставляем пропитываться на 5 минут.\n2. Выпекать в большом количестве масла при +180С около 8 минут.\n3. Слейте излишки масла, положив золотисто-коричневый сыр на бумажное полотенце.\n4. Натертую кожуру и сок грейпфрута смешать с гранатовым сиропом и медом.\n5. Выложите ягоды на сервировочную тарелку, полейте соусом, сверху выложите жареный сыр. Приятного аппетита!\""}}, {"model": "recipes.description", "pk": 10, "fields": {"name_en": "\"1. Whip the sweet cream with sugar into a whipped cream.\n2. Break the gingerbread into small pieces, stir into the whipped cream, put the cream in the refrigerator to harden a little.\n3. If frozen berries are used, thaw them. Then put the berries in a blender and blend.\n4. Peel the tangerines, divide them into wedges.\n5. Then arrange in dessert dishes (7-8 slices). Pour over the berry sauce, put the gingerbread cream on top. Decorate with gingerbread, tangerines, etc. decorations of your choice.\"", "name_lv": "1. Saldo krējumu ar cukuru sakuļ putukrējumā.\n2. Piparkūkas salauž mazos gabaliņos, iemaisa putukrējumā, krēmu noliek ledusskapī nedaudz savilkties.\n3. Ja izmanto saldētas ogas, tās atlaidina. Tad liek ogas blenderī un sablendē.\n4. Mandarīnus nomizo, sadala daiviņās.\n5. Tad kārto deserta trauciņos (7-8 daiviņas). Pārlej ar ogu mērci, virspusē liek piparkūku krēmu. Rotā ar piparkūkām, mandarīniem u.c. dekoriem pēc izvēles.", "name_ru": "«1. Взбейте сладкие сливки с сахаром во взбитые сливки.\n2. Разломайте пряники на небольшие кусочки, вмешайте их во взбитые сливки, поставьте крем в холодильник, чтобы он немного застыл.\n3. Если используются замороженные ягоды, разморозьте их. Затем положите ягоды в блендер и измельчите.\n4. Очистите мандарины, разделите их на дольки.\n5. Затем разложить по десертным тарелкам (7-8 ломтиков). Полить ягодным соусом, сверху выложить имбирный крем. Украсить пряниками, мандаринами и т. д. украшения на ваш выбор»."}}, {"model": "recipes.description", "pk": 11, "fields": {"name_en": "\"1. Finely chop the stalk of celery, onion and garlic. Blend the canned tomatoes.\n2. Heat olive oil in a pot, fry celery stalks, onions, garlic and fry for 3-4 minutes until the onions are transparent.\n3. Then add the turkey peas with all the liquid, add the blended tomatoes, bouillon cubes, curry and cover everything with water.\n4. When the water begins to bubble, add tuna, coconut milk, salt to taste and 1 teaspoon of sugar. When the soup bubbles, it is ready.\n5. While the soup cools down a little, put the slices of bread on the grill and fry until golden and crispy. Remove from the grill, rub the edges with a clove of garlic.\n6. Pour the soup into plates, sprinkle with chopped greens, serve with garlic buns.\"", "name_lv": "1. Seleriju kātu, sīpolu un ķiplokus sīki sakapā. Konservētos tomātus sablendē.\n2. Katliņā uzkarsē olīveļļu, liek cepties seleriju kātus, sīpolus, ķiplokus un cep 3-4 minūtes, līdz sīpoli ir caurspīdīgi.\n3. Tad pieber klāt turku zirņus ar visu šķidrumu, pievieno sablendētos tomātus, buljona kubiņus, kariju un visu pārlej ar ūdeni.\n4. Kad ūdens sāk burbuļot, pievieno tunci, kokosriekstu pienu, sāli pēc garšas un 1 tējkaroti cukura. Kad zupa uzmet burbuli, tā ir gatava.\n5. Kamēr zupa nedaudz atdziest, maizes šķēles liek uz grila un apcep zeltaini kraukšķīgas. Noņem no grila, ierīvē maliņas ar ķiploka daiviņu.\n6. Lej zupu šķīvjos, pārkaisa ar kapātiem zaļumiem, pasniedz ar ķiplokmaizītēm.", "name_ru": "«1. Мелко нарезаем стебель сельдерея, лук и чеснок. Консервированные помидоры измельчаем.\n2. В кастрюле разогрейте оливковое масло, обжарьте стебли сельдерея, лук, чеснок и жарьте 3-4 минуты, пока лук не станет прозрачным.\n3. Затем добавьте индюшатину со всей жидкостью, добавьте протертые томаты, бульонные кубики, карри и залейте все водой.\n4. Когда вода начнет пузыриться, добавьте тунец, кокосовое молоко, соль по вкусу и 1 чайную ложку сахара. Когда суп запузырится, он готов.\n5. Пока суп немного остывает, выложите на решетку ломтики хлеба и обжарьте до золотистой и хрустящей корочки. Снимите с гриля, натрите края зубчиком чеснока.\n6. Разливаем суп по тарелкам, посыпаем рубленой зеленью, подаем с чесночными булочками»."}}, {"model": "recipes.description", "pk": 12, "fields": {"name_en": "1. Grate the zucchini, squeeze out the excess liquid thoroughly.\n2. Put all the waffle ingredients in a large bowl and mix. Let the waffle batter rest for 10 minutes.\nHeat a waffle pan, spray with oil. Spoon the batter onto the pan and bake until the waffles are golden\n3. Serve with cream cheese, smoked salmon and chopped greens. Bon appetite!", "name_lv": "1. Sarīvē cukīni, kārtīgi nospiež lieko šķidrumu.\n2. Liek visas vafeļu sastāvdaļas lielā bļodā un samaisa. Ļauj vafeļu mīklai nostāvēties 10 minūtes.\nUzkarsē vafeļu pannu, izsmidzina ar eļļu. Ar karoti liek mīklu uz pannas un cep, līdz vafeles ir zeltainas\n3. Pasniedz ar krēmsieru, kūpinātu lasi un kapātiem zaļumiem. Labu apetīti!", "name_ru": "«1. Натрите кабачки на терке, тщательно отожмите лишнюю жидкость.\n2. Поместите все ингредиенты для вафель в большую миску и перемешайте. Дайте тесту для вафель постоять 10 минут.\nРазогрейте вафельницу, смажьте ее маслом. Выложите тесто на форму и выпекайте, пока вафли не станут золотистыми.\n3. Подавайте со сливочным сыром, копченым лососем и рубленой зеленью. Приятного аппетита!\""}}, {"model": "recipes.description", "pk": 13, "fields": {"name_en": "\"1. Boil the eggs hard.\n2. Cucumbers, eggs, lettuce, dill, onions are chopped, put in a bowl.\n3. Add salt, pepper, a pinch of sugar. Pour everything over with sour milk and mix. Eat well!\"", "name_lv": "1. Olas novāra cietas. \n2. Gurķus, olas, salātus, dilles, lociņus sasmalcina, liek bļodā.\n3. Pievieno sāli, piparus, šķipsnu cukura. Visu pārlej ar rūgušpienu un samaisa. Veseli ēduši!", "name_ru": "«1. Сварить яйца вкрутую.\n2. Огурцы, яйца, листья салата, укроп, лук нарезаем, кладем в миску.\n3. Добавьте соль, перец, щепотку сахара. Заливаем все кислым молоком и перемешиваем. Ешьте хорошо!\""}}, {"model": "recipes.description", "pk": 14, "fields": {"name_en": "1. Radishes are grated.\n2. Finely chop the onions and dill.\n3. Everything is mixed with cottage cheese, salt and sour cream.\n4. Bon appetit!", "name_lv": "1. Redīsus sarīvē.\n2. Smalki sagriež lociņus un dilles.\n3. Visu sajauc ar biezpienu, sāli un skābu krējumu.\n4. Labu apetīti!", "name_ru": "«1. Редис натереть на терке.\n2. Мелко нарезаем лук и укроп.\n3. Все смешиваем с творогом, солью и сметаной.\n4. Приятного аппетита!»"}}, {"model": "recipes.description", "pk": 15, "fields": {"name_en": "\"1. Boil the milk.\n2. Add pumpkin puree - the more, the more intense the pumpkin flavor will be.\n3. Add sugar to taste. You can also use honey or any other sweetener you like, or do without.\n4. Whip the milk and pumpkin mass.\n5. Pour strong coffee into a mug or a heat-resistant glass, over the milk-pumpkin part.\n6. Everything is topped with whipped cream and decorated with cinnamon.\"", "name_lv": "1. Pienu uzkarsē.\n2. Pievieno ķirbja biezeni - jo vairāk, jo intensīvāka būs ķirbja garša.\n3. Papildina ar cukuru pēc garšas. Var izmantot arī medu vai kādu citu sev tīkamu saldinātāju, kā arī iztikt bez.\n4. Piena un ķirbja masu uzputo.\n5. Krūzē vai karstumizturīgā glāzē lej stipru kafiju, pāri piena-ķirbja daļu.\n6. Visu papildina ar putukrējumu un rotā ar kanēli.", "name_ru": "«1. Вскипятить молоко.\n2. Добавьте тыквенное пюре – чем больше, тем интенсивнее будет вкус тыквы.\n3. Добавьте сахар по вкусу. Вы также можете использовать мед или любой другой подсластитель, который вам нравится, или обойтись без него.\n4. Взбейте молочно-тыквенную массу.\n5. Налейте крепкий кофе в кружку или термостойкий стакан, поверх молочно-тыквенной части.\n6. Все покрыто взбитыми сливками и украшено корицей»."}}, {"model": "recipes.description", "pk": 16, "fields": {"name_en": "1. Peel the cucumbers, cut them into not too thin slices.\n2. Cut the peeled onions into pieces you like, chop the dill, add to the cucumbers and mix everything.\n3. Then add vinegar essence or vinegar (7 tablespoons of vinegar = 1 tablespoon of essence), salt, sugar and mix everything very well.\n4. Leave the cucumbers at room temperature to soak for several hours. I cut and mix in the morning, heat in the evening.\n5. When the cucumbers are properly frozen, there are two options: heat the cucumbers and stuff them in clean jars or put them in jars and pasteurize them.\n6. Since I had jars of very different sizes, I chose to heat the cucumbers themselves. Therefore, I put it in a pot and heated it on a low flame until the whole mass is hot, but not boiled. You can notice it because the cucumber changes color and small bubbles start to appear on top.\n7. Then fill the hot mass into jars, screw tight.\nIMPORTANT - make sure that there is not only cucumber in the jar, but also enough marinade!\n8. Put the lids of the jars and cover them, leave them under the lid until they cool down.\nThese cucumber slices are always the first to disappear from stock.", "name_lv": "1. Gurķus nomizo, sagriež ne pārāk plānās ripiņās.\n2. Nomizotus sīpolus sagriež sev tīkamos gabalos, sasmalcina dilles, pievieno gurķiem un visu samaisa.\n3. Tad papildina ar etiķa esenci vai etiķi (7 ēd.k etiķa = 1 ēd.k. esences), sāli, cukuru un visu ļoti kārtīgi samaisa.\n4. Atstāj gurķus istabas temperatūrā uz vairākām stundām suloties. Es no rīta sagriezu un sajaucu, vakarā karsēju.\n5. Kad gurķi kārtīgi sasulojuši, tālāk seko divas izvēles iespējas: karsēt gurķus un karstus pildīt tīrās burkās vai likt burkās un pasterizēt.\n6. Tā kā man bija ļoti dažāda izmēra burciņas, izvēlējos karsēt pašus gurķus. Tāpēc pārliku katlā un uz mazas liesmas sildīju, līdz visa masa karsta, bet nav uzvārījusies. To var pamanīt, jo gurķis nomaina krāsu un pa virsu sāk tādi mazi burbulīši parādīties.\n7. Tad karsto masu aši pilda burkās, skrūvē ciet.\nSVARĪGI - pieskati, lai burkā nav tikai gurķi, bet ari pietiekami daudz marinādes!\n8. Met burciņas vēkšpēdus un sasedz, atstāj zem deķa, līdz atdziest.\nŠīs gurķu šķēlītes no krājumiem allaž pazūd pirmās.", "name_ru": "«1. Огурцы очистите, нарежьте не слишком тонкими ломтиками.\n2. Очищенный лук нарезаем понравившимися кусочками, укроп измельчаем, добавляем к огурцам и все перемешиваем.\n3. Затем добавьте уксусную эссенцию или уксус (7 столовых ложек уксуса = 1 столовая ложка эссенции), соль, сахар и все очень хорошо перемешайте.\n4. Оставьте огурцы при комнатной температуре пропитываться на несколько часов. Утром режу и перемешиваю, вечером нагреваю.\n5. Когда огурцы правильно заморожены, есть два варианта: разогреть огурцы и расфасовать их по чистым банкам или разложить по банкам и пастеризовать.\n6. Поскольку банки у меня были очень разного размера, я решила подогреть сами огурцы. Поэтому я положила его в кастрюлю и нагревала на медленном огне, пока вся масса не станет горячей, но не закипит. Заметить это можно по тому, что огурец меняет цвет и сверху начинают появляться маленькие пузырьки.\n7. Затем разлейте горячую массу по банкам, плотно закрутите.\nВАЖНО – следите, чтобы в банке был не только огурец, но и достаточно маринада!\n8. Накройте банки крышками и накройте их, оставьте под крышкой до остывания.\nЭти ломтики огурца всегда исчезают со склада первыми»."}}, {"model": "recipes.description", "pk": 17, "fields": {"name_en": "\"1. Turn on the oven at 160 degrees with convection.\n2. Grind the cottage cheese in a grinder to the consistency of baby cheese.\n3. Blend 4 eggs with condensed milk in another container.\n4. Mix both together and beat.\n5. Pour into greased cake tin and bake for 40 min at 160 degrees.\n6. can be served with cherry compote jelly. Delicious.\"", "name_lv": "1. Ieslēdz krāsni uz 160 grādiem ar konvekciju.\n2. Smalcinātājā samaļ biezpienu līdz bērnu sieriņu konsistencei.\n3. Citā traukā sablendēju 4 olas ar kondensēto pienu.\n4. Salej abus kopā un sakuļ.\n5. Lej iesviestotā kūkas formā un cep 40 min 160 grādos.\n6. var pasniegt ar no ķiršu kompota vārītu ķīseli. Ļoti garšīgi.", "name_ru": "«1. Включите духовку на 160 градусов с конвекцией.\n2. Измельчите творог в мясорубке до консистенции брынзы.\n3. В другой емкости взбейте 4 яйца со сгущенкой.\n4. Смешайте оба вместе и взбейте.\n5. Вылить в смазанную маслом форму и выпекать 40 мин при температуре 160 градусов.\n6. можно подавать с желе из вишневого компота. Вкусный.\""}}, {"model": "recipes.description", "pk": 18, "fields": {"name_en": "\"1. Take out the middles of the mozzarella balls so that you can put the olives in it.\n2. Cut the pepper into small pieces and place each piece in the middle of the olives.\n3. Layer the cheese with the olives on a plate and wrap the ham around it.\"", "name_lv": "1. Mocarellas bumbiņām izņem vidiņus, lai tajā var ielikt olīvas.\n2. Papriku sagriež mazos gabaliņos un katru gabaliņu liek olīvu viducīšos.\n3. Kārto sieru ar olīvām uz šķīvja un apkārt aptin šķiņķi.", "name_ru": "«1. Вынуть из шариков моцареллы серединки, чтобы можно было положить в них оливки.\n2. Нарежьте перец небольшими кусочками и поместите каждый кусочек в середину оливок.\n3. Выложите сыр с оливками на тарелку и оберните ветчиной."}}, {"model": "recipes.description", "pk": 19, "fields": {"name_en": "1. Chill the glass by filling it with ice.\n2. Cool the mixing glass by filling it with ice, then pour the water from the melting of the ice through a strainer. Pour all the cocktail ingredients, except the beer, into a mixing glass and mix with a bar spoon.\n3. Pour the water from the ice melting out of the chilled glass. Pour the cocktail into the glass through a strainer. Add beer and mix. Garnish with potato chips. Enjoy your meal!", "name_lv": "1. Atdzesē glāzi, piepildot to ar ledu.\n2. Atdzesē miksglāzi, piepildot to ar ledu, tad caur streineri nolej ūdeni, kas radies, kūstot ledum. Lej miksglāzē visas kokteiļa sastāvdaļas, izņemot alu, un samaisa ar bāra karoti.\n3. No atdzesētās glāzes nolej ūdeni, kas radies, kūstot ledum. Caur streineri lej glāzē kokteili. Pievieno alu un samaisa. Dekorē ar kartupeļu čipsi. Lai labi garšo!", "name_ru": "«1. Охладите стакан, наполнив его льдом.\n2. Охладите стакан для смешивания, наполнив его льдом, затем слейте воду от таяния льда через ситечко. Налейте все ингредиенты коктейля, кроме пива, в стакан для смешивания и перемешайте барной ложкой.\n3. Налейте воду от тающего льда из охлажденного стакана. Перелейте коктейль в стакан через ситечко. Добавьте пиво и перемешайте. Украсьте картофельными чипсами. Приятного аппетита!\""}}, {"model": "recipes.cuisine", "pk": 1, "fields": {"name_en": "italian", "name_lv": "itāļu", "name_ru": "итальянская"}}, {"model": "recipes.cuisine", "pk": 2, "fields": {"name_en": "mexican", "name_lv": "meksikāņu", "name_ru": "мексиканская"}}, {"model": "recipes.cuisine", "pk": 3, "fields": {"name_en": "chinese", "name_lv": "ķīniešu", "name_ru": "китайская"}}, {"model": "recipes.cuisine", "pk": 4, "fields": {"name_en": "indian", "name_lv": "indiešu", "name_ru": "индийская"}}, {"model": "recipes.cuisine", "pk": 5, "fields": {"name_en": "japanese", "name_lv": "japāņu", "name_ru": "японская"}}, {"model": "recipes.cuisine", "pk": 6, "fields": {"name_en": "french", "name_lv": "franču", "name_ru": "французская"}}, {"model": "recipes.cuisine", "pk": 7, "fields": {"name_en": "mediterranean", "name_lv": "vidusjūras", "name_ru": "средиземноморская"}}, {"model": "recipes.cuisine", "pk": 8, "fields": {"name_en": "thai", "name_lv": "taizemiešu", "name_ru": "тайская"}}, {"model": "recipes.cuisine", "pk": 9, "fields": {"name_en": "greek", "name_lv": "grieķu", "name_ru": "греческая"}}, {"model": "recipes.cuisine", "pk": 10, "fields": {"name_en": "spanish", "name_lv": "spāņu", "name_ru": "испанская"}}, {"model": "recipes.cuisine", "pk": 11, "fields": {"name_en": "american", "name_lv": "amerikāņu", "name_ru": "американская"}}, {"model": "recipes.cuisine", "pk": 12, "fields": {"name_en": "middle eastern", "name_lv": "tuvo austrumu", "name_ru": "ближневосточная"}}, {"model": "recipes.cuisine", "pk": 13, "fields": {"name_en": "korean", "name_lv": "korejiešu", "name_ru": "корейская"}}, {"model": "recipes.cuisine", "pk": 14, "fields": {"name_en": "vietnamese", "name_lv": "vjetnamiešu", "name_ru": "вьетнамская"}}, {"model": "recipes.cuisine", "pk": 15, "fields": {"name_en": "brazilian", "name_lv": "brazīļu", "name_ru": "бразильская"}}, {"model": "recipes.cuisine", "pk": 16, "fields": {"name_en": "caribbean", "name_lv": "karībiešu", "name_ru": "карибская"}}, {"model": "recipes.cuisine", "pk": 17, "fields": {"name_en": "cajun/creole", "name_lv": "kreolu", "name_ru": "каджунская/креольская"}}, {"model": "recipes.cuisine", "pk": 18, "fields": {"name_en": "moroccan", "name_lv": "marokāņu", "name_ru": "марокканская"}}, {"model": "recipes.cuisine", "pk": 19, "fields": {"name_en": "ethiopian", "name_lv": "etiopiešu", "name_ru": "эфиопская"}}, {"model": "recipes.cuisine", "pk": 20, "fields": {"name_en": "russian", "name_lv": "krievu", "name_ru": "русская"}}, {"model": "recipes.cuisine", "pk": 21, "fields": {"name_en": "latvian", "name_lv": "latviešu", "name_ru": "латвийская"}}, {"model": "recipes.cuisine", "pk": 22, "fields": {"name_en": "georgian", "name_lv": "gruzīņu", "name_ru": "грузинская"}}, {"model": "recipes.cuisine", "pk": 23, "fields": {"name_en": "armenian", "name_lv": "armēņu", "name_ru": "армянская"}}, {"model": "recipes.occasion", "pk": 1, "fields": {"name_en": "spring", "name_lv": "pavasaris", "name_ru": "весна"}}, {"model": "recipes.occasion", "pk": 2, "fields": {"name_en": "summer", "name_lv": "vasara", "name_ru": "лето"}}, {"model": "recipes.occasion", "pk": 3, "fields": {"name_en": "autumn", "name_lv": "rudens", "name_ru": "осень"}}, {"model": "recipes.occasion", "pk": 4, "fields": {"name_en": "winter", "name_lv": "ziema", "name_ru": "зима"}}, {"model": "recipes.occasion", "pk": 5, "fields": {"name_en": "christmas", "name_lv": "ziemassvētki", "name_ru": "рождество"}}, {"model": "recipes.occasion", "pk": 6, "fields": {"name_en": "thanksgiving", "name_lv": "pateicības diena", "name_ru": "день благодарения"}}, {"model": "recipes.occasion", "pk": 7, "fields": {"name_en": "easter", "name_lv": "lieldienas", "name_ru": "пасха"}}, {"model": "recipes.occasion", "pk": 8, "fields": {"name_en": "halloween", "name_lv": "helovīns", "name_ru": "хэллоуин"}}, {"model": "recipes.occasion", "pk": 9, "fields": {"name_en": "diwali", "name_lv": "divali", "name_ru": "дивали"}}, {"model": "recipes.occasion", "pk": 10, "fields": {"name_en": "ramadan", "name_lv": "ramadāns", "name_ru": "рамадан"}}, {"model": "recipes.occasion", "pk": 11, "fields": {"name_en": "hanukkah", "name_lv": "hanuka", "name_ru": "ханука"}}, {"model": "recipes.occasion", "pk": 12, "fields": {"name_en": "chinese new year", "name_lv": "ķīniešu jaunais gads", "name_ru": "китайский новый год"}}, {"model": "recipes.occasion", "pk": 13, "fields": {"name_en": "birthday", "name_lv": "dzimšanas diena", "name_ru": "день рождения"}}, {"model": "recipes.occasion", "pk": 14, "fields": {"name_en": "wedding", "name_lv": "kāzas", "name_ru": "свадьба"}}, {"model": "recipes.occasion", "pk": 15, "fields": {"name_en": "anniversary", "name_lv": "gadadiena", "name_ru": "годовщина"}}, {"model": "recipes.occasion", "pk": 16, "fields": {"name_en": "engagement party", "name_lv": "saderināšanās ballīte", "name_ru": "помолвка"}}, {"model": "recipes.occasion", "pk": 17, "fields": {"name_en": "italian night", "name_lv": "itāļu vakars", "name_ru": "итальянская ночь"}}, {"model": "recipes.occasion", "pk": 18, "fields": {"name_en": "mexican night", "name_lv": "meksikāņu vakars", "name_ru": "мексиканская ночь"}}, {"model": "recipes.occasion", "pk": 19, "fields": {"name_en": "indian night", "name_lv": "indijas vakars", "name_ru": "индийская ночь"}}, {"model": "recipes.occasion", "pk": 20, "fields": {"name_en": "asian night", "name_lv": "āzijas vakars", "name_ru": "азиатская ночь"}}, {"model": "recipes.occasion", "pk": 21, "fields": {"name_en": "mediterranean night", "name_lv": "vidusjūras vakars", "name_ru": "средиземноморская ночь"}}, {"model": "recipes.occasion", "pk": 22, "fields": {"name_en": "dinner party", "name_lv": "vakariņu ballīte", "name_ru": "ужин-вечеринка"}}, {"model": "recipes.occasion", "pk": 23, "fields": {"name_en": "cocktail party", "name_lv": "kokteiļu ballīte", "name_ru": "коктейльная вечеринка"}}, {"model": "recipes.occasion", "pk": 24, "fields": {"name_en": "potluck", "name_lv": "kopīgas maltītes ballīte", "name_ru": "потлак"}}, {"model": "recipes.occasion", "pk": 25, "fields": {"name_en": "bbq", "name_lv": "grila ballīte", "name_ru": "барбекю"}}, {"model": "recipes.occasion", "pk": 26, "fields": {"name_en": "picnic", "name_lv": "pikniks", "name_ru": "пикник"}}, {"model": "recipes.occasion", "pk": 27, "fields": {"name_en": "spring fresh ingredients", "name_lv": "pavasara svaigie produkti", "name_ru": "весенние свежие ингредиенты"}}, {"model": "recipes.occasion", "pk": 28, "fields": {"name_en": "autumn harvest", "name_lv": "rudens raža", "name_ru": "осенний урожай"}}, {"model": "recipes.occasion", "pk": 29, "fields": {"name_en": "new england seafood", "name_lv": "jaunanglijas jūras veltes", "name_ru": "морепродукты новой англии"}}, {"model": "recipes.occasion", "pk": 30, "fields": {"name_en": "southwest spicy", "name_lv": "dienvideiropas asais", "name_ru": "юго-западная острая"}}, {"model": "recipes.occasion", "pk": 31, "fields": {"name_en": "mediterranean flavors", "name_lv": "vidusjūras garšas", "name_ru": "средиземноморские вкусы"}}, {"model": "recipes.meal", "pk": 1, "fields": {"name_en": "breakfast", "name_lv": "brokastis", "name_ru": "завтрак"}}, {"model": "recipes.meal", "pk": 2, "fields": {"name_en": "brunch", "name_lv": "brančs", "name_ru": "бранч"}}, {"model": "recipes.meal", "pk": 3, "fields": {"name_en": "lunch", "name_lv": "pusdienas", "name_ru": "обед"}}, {"model": "recipes.meal", "pk": 4, "fields": {"name_en": "dinner", "name_lv": "vakariņas", "name_ru": "ужин"}}, {"model": "recipes.meal", "pk": 5, "fields": {"name_en": "supper", "name_lv": "vieglas vēlās vakariņas", "name_ru": "полдник"}}, {"model": "recipes.meal", "pk": 6, "fields": {"name_en": "snack", "name_lv": "uzkoda", "name_ru": "легкая закуска"}}, {"model": "recipes.meal", "pk": 7, "fields": {"name_en": "dessert", "name_lv": "deserts", "name_ru": "десерт"}}, {"model": "recipes.meal", "pk": 8, "fields": {"name_en": "appetizer", "name_lv": "appetizer", "name_ru": "аппетитная закуска"}}, {"model": "recipes.meal", "pk": 9, "fields": {"name_en": "main course", "name_lv": "pamatēdiens", "name_ru": "основное блюдо"}}, {"model": "recipes.meal", "pk": 10, "fields": {"name_en": "side dish", "name_lv": "piedeva", "name_ru": "гарнир"}}, {"model": "recipes.meal", "pk": 11, "fields": {"name_en": "soup", "name_lv": "zupa", "name_ru": "суп"}}, {"model": "recipes.meal", "pk": 12, "fields": {"name_en": "salad", "name_lv": "salāti", "name_ru": "салат"}}, {"model": "recipes.meal", "pk": 13, "fields": {"name_en": "sandwich", "name_lv": "sviestmaize", "name_ru": "бутерброд"}}, {"model": "recipes.meal", "pk": 14, "fields": {"name_en": "smoothie", "name_lv": "smūtijs", "name_ru": "смузи"}}, {"model": "recipes.meal", "pk": 15, "fields": {"name_en": "beverage", "name_lv": "dzēriens", "name_ru": "напиток"}}, {"model": "recipes.meal", "pk": 16, "fields": {"name_en": "cocktail", "name_lv": "kokteilis", "name_ru": "коктейль"}}, {"model": "recipes.meal", "pk": 17, "fields": {"name_en": "pizza", "name_lv": "pica", "name_ru": "пицца"}}, {"model": "recipes.meal", "pk": 18, "fields": {"name_en": "pasta", "name_lv": "makaroni", "name_ru": "паста"}}, {"model": "recipes.equipment", "pk": 1, "fields": {"name_en": "stove", "name_lv": "plīts virsma", "name_ru": "плита"}}, {"model": "recipes.equipment", "pk": 2, "fields": {"name_en": "oven", "name_lv": "cepeškrāsns", "name_ru": "духовка"}}, {"model": "recipes.equipment", "pk": 3, "fields": {"name_en": "grill", "name_lv": "grils", "name_ru": "гриль"}}, {"model": "recipes.equipment", "pk": 4, "fields": {"name_en": "microwave", "name_lv": "mikroviļņu krāsns", "name_ru": "микроволновая печь"}}, {"model": "recipes.equipment", "pk": 5, "fields": {"name_en": "blender", "name_lv": "blenderis", "name_ru": "блендер"}}, {"model": "recipes.equipment", "pk": 6, "fields": {"name_en": "grinder/chopper", "name_lv": "dzirnaviņas/smalcinātājs", "name_ru": "измельчитель / шинковщик"}}, {"model": "recipes.equipment", "pk": 7, "fields": {"name_en": "baking sheets", "name_lv": "cepampapīrs", "name_ru": "противень для выпечки"}}, {"model": "recipes.equipment", "pk": 8, "fields": {"name_en": "grater", "name_lv": "rīve", "name_ru": "терка"}}, {"model": "recipes.equipment", "pk": 9, "fields": {"name_en": "whisk", "name_lv": "putotājs", "name_ru": "венчик"}}, {"model": "recipes.equipment", "pk": 10, "fields": {"name_en": "waffle pan", "name_lv": "vafeļpanna", "name_ru": "вафельница"}}, {"model": "recipes.equipment", "pk": 11, "fields": {"name_en": "mixing glass", "name_lv": "miksglāze", "name_ru": "стакан для смешивания"}}, {"model": "recipes.equipment", "pk": 12, "fields": {"name_en": "thermometer", "name_lv": "termometrs", "name_ru": "термометр"}}, {"model": "recipes.equipment", "pk": 13, "fields": {"name_en": "kitchen scale", "name_lv": "virtuves svari", "name_ru": "кухонные весы"}}, {"model": "recipes.equipment", "pk": 14, "fields": {"name_en": "timer", "name_lv": "taimeris", "name_ru": "таймер"}}, {"model": "recipes.equipment", "pk": 15, "fields": {"name_en": "cutting board", "name_lv": "cutting board", "name_ru": "деревянная доска"}}, {"model": "recipes.equipment", "pk": 16, "fields": {"name_en": "chef's knife", "name_lv": "chef's knife", "name_ru": "поварской нож"}}, {"model": "recipes.equipment", "pk": 17, "fields": {"name_en": "pots and pans", "name_lv": "pots and pans", "name_ru": "кастрюли и сковороды"}}, {"model": "recipes.equipment", "pk": 18, "fields": {"name_en": "mixing bowls", "name_lv": "mixing bowls", "name_ru": "миски для смешивания"}}, {"model": "recipes.equipment", "pk": 19, "fields": {"name_en": "measuring cups and spoons", "name_lv": "measuring cups and spoons", "name_ru": "мерные чашки и ложки"}}, {"model": "recipes.equipment", "pk": 20, "fields": {"name_en": "food processor", "name_lv": "food processor", "name_ru": "процессор пищевой"}}, {"model": "recipes.equipment", "pk": 21, "fields": {"name_en": "stand mixer", "name_lv": "stand mixer", "name_ru": "кухонный миксер"}}, {"model": "recipes.equipment", "pk": 22, "fields": {"name_en": "wooden spoons", "name_lv": "wooden spoons", "name_ru": "деревянные ложки"}}, {"model": "recipes.equipment", "pk": 23, "fields": {"name_en": "spatula", "name_lv": "spatula", "name_ru": "лопатуля"}}, {"model": "recipes.equipment", "pk": 24, "fields": {"name_en": "rolling pin", "name_lv": "rolling pin", "name_ru": "каталка для теста"}}, {"model": "recipes.equipment", "pk": 25, "fields": {"name_en": "peeler", "name_lv": "peeler", "name_ru": "овощечистка"}}, {"model": "recipes.equipment", "pk": 26, "fields": {"name_en": "colander/strainer", "name_lv": "colander/strainer", "name_ru": "дуршлаг / сито"}}, {"model": "recipes.equipment", "pk": 27, "fields": {"name_en": "can opener", "name_lv": "can opener", "name_ru": "консервный нож"}}, {"model": "recipes.dietarypreference", "pk": 1, "fields": {"name_en": "vegetarian", "name_lv": "veģetārs", "name_ru": "вегетарианец"}}, {"model": "recipes.dietarypreference", "pk": 2, "fields": {"name_en": "plant-based", "name_lv": "augu izcelsme", "name_ru": "растительное"}}, {"model": "recipes.dietarypreference", "pk": 3, "fields": {"name_en": "vegan", "name_lv": "vegāns", "name_ru": "веган"}}, {"model": "recipes.dietarypreference", "pk": 4, "fields": {"name_en": "paleo", "name_lv": "paleo", "name_ru": "палео"}}, {"model": "recipes.dietarypreference", "pk": 5, "fields": {"name_en": "gluten-free", "name_lv": "bezglutēna", "name_ru": "без глютена"}}, {"model": "recipes.dietarypreference", "pk": 6, "fields": {"name_en": "keto", "name_lv": "keto", "name_ru": "кето"}}, {"model": "recipes.dietarypreference", "pk": 7, "fields": {"name_en": "low-carb", "name_lv": "zems ogļhidrātu saturs", "name_ru": "низкоуглеводный"}}, {"model": "recipes.dietarypreference", "pk": 8, "fields": {"name_en": "dairy-free", "name_lv": "bez piena", "name_ru": "без молочных продуктов"}}, {"model": "recipes.dietarypreference", "pk": 9, "fields": {"name_en": "nut-free", "name_lv": "bez riekstiem", "name_ru": "без орехов"}}, {"model": "recipes.dietarypreference", "pk": 10, "fields": {"name_en": "low-fat", "name_lv": "zems tauku saturs", "name_ru": "низкожировой"}}, {"model": "recipes.dietarypreference", "pk": 11, "fields": {"name_en": "high-protein", "name_lv": "proteīnu piesātināts", "name_ru": "богатый белком"}}, {"model": "recipes.dietarypreference", "pk": 12, "fields": {"name_en": "mediterranean", "name_lv": "vidusjūras", "name_ru": "средиземноморский"}}, {"model": "recipes.dietarypreference", "pk": 13, "fields": {"name_en": "pescatarian", "name_lv": "pesketārs", "name_ru": "пескетарианец"}}, {"model": "recipes.dietarypreference", "pk": 14, "fields": {"name_en": "flexitarian", "name_lv": "fleksitārs", "name_ru": "флекситарианец"}}, {"model": "recipes.dietarypreference", "pk": 15, "fields": {"name_en": "whole30", "name_lv": "whole30", "name_ru": "веган whole30"}}, {"model": "recipes.dietarypreference", "pk": 16, "fields": {"name_en": "ovo-lacto-vegetarian", "name_lv": "ovo-lakto-veģetārs", "name_ru": "ово-лакто-вегетарианец"}}, {"model": "recipes.dietarypreference", "pk": 17, "fields": {"name_en": "ovo-vegetarian", "name_lv": "ovo-veģetārs", "name_ru": "ово-вегетарианец"}}, {"model": "recipes.dietarypreference", "pk": 18, "fields": {"name_en": "lacto-vegetarian", "name_lv": "lakto-veģetārs", "name_ru": "лакто-вегетарианец"}}, {"model": "recipes.ingredientcategory", "pk": 1, "fields": {"name_en": "vegetables", "name_lv": "dārzeņi", "name_ru": "овощи"}}, {"model": "recipes.ingredientcategory", "pk": 2, "fields": {"name_en": "fruits", "name_lv": "augļi", "name_ru": "фрукты"}}, {"model": "recipes.ingredientcategory", "pk": 3, "fields": {"name_en": "proteins", "name_lv": "olbaltumvielas", "name_ru": "белки"}}, {"model": "recipes.ingredientcategory", "pk": 4, "fields": {"name_en": "grains", "name_lv": "graudi", "name_ru": "злаки"}}, {"model": "recipes.ingredientcategory", "pk": 5, "fields": {"name_en": "dairy and alternatives", "name_lv": "piena produkti un alternatīvas", "name_ru": "молочные продукты и альтернативы"}}, {"model": "recipes.ingredientcategory", "pk": 6, "fields": {"name_en": "herbs and spices", "name_lv": "garšaugi un piedevas", "name_ru": "травы и специи"}}, {"model": "recipes.ingredientcategory", "pk": 7, "fields": {"name_en": "condiments", "name_lv": "garšvielas", "name_ru": "приправы"}}, {"model": "recipes.ingredientcategory", "pk": 8, "fields": {"name_en": "nuts and seeds", "name_lv": "rieksti un sēklas", "name_ru": "орехи и семечки"}}, {"model": "recipes.allergen", "pk": 1, "fields": {"name_en": "milk", "name_lv": "piens", "name_ru": "молоко"}}, {"model": "recipes.allergen", "pk": 2, "fields": {"name_en": "eggs", "name_lv": "olas", "name_ru": "яйца"}}, {"model": "recipes.allergen", "pk": 3, "fields": {"name_en": "peanuts", "name_lv": "zemesrieksti", "name_ru": "арахис"}}, {"model": "recipes.allergen", "pk": 4, "fields": {"name_en": "tree nuts", "name_lv": "rieksti", "name_ru": "орехи"}}, {"model": "recipes.allergen", "pk": 5, "fields": {"name_en": "soy", "name_lv": "soja", "name_ru": "соя"}}, {"model": "recipes.allergen", "pk": 6, "fields": {"name_en": "wheat", "name_lv": "kvieši", "name_ru": "пшеница"}}, {"model": "recipes.allergen", "pk": 7, "fields": {"name_en": "fish", "name_lv": "zivis", "name_ru": "рыба"}}, {"model": "recipes.allergen", "pk": 8, "fields": {"name_en": "shellfish", "name_lv": "vēžveidīgie", "name_ru": "морепродукты"}}, {"model": "recipes.allergen", "pk": 9, "fields": {"name_en": "sesame seeds", "name_lv": "sezama sēklas", "name_ru": "семена кунжута"}}, {"model": "recipes.allergen", "pk": 10, "fields": {"name_en": "mustard", "name_lv": "sinepes", "name_ru": "горчица"}}, {"model": "recipes.allergen", "pk": 11, "fields": {"name_en": "celery", "name_lv": "selerija", "name_ru": "сельдерей"}}, {"model": "recipes.cookingmethod", "pk": 1, "fields": {"name_en": "gather", "name_lv": "savākt", "name_ru": "собирать"}}, {"model": "recipes.cookingmethod", "pk": 2, "fields": {"name_en": "preheat", "name_lv": "uzsildīt", "name_ru": "разогревать"}}, {"model": "recipes.cookingmethod", "pk": 3, "fields": {"name_en": "prepare", "name_lv": "sagatavot", "name_ru": "приготовить"}}, {"model": "recipes.cookingmethod", "pk": 4, "fields": {"name_en": "wash", "name_lv": "nomazgāt", "name_ru": "вымыть"}}, {"model": "recipes.cookingmethod", "pk": 5, "fields": {"name_en": "peel", "name_lv": "nolobīt", "name_ru": "очистить"}}, {"model": "recipes.cookingmethod", "pk": 6, "fields": {"name_en": "chop", "name_lv": "sasmalcināt", "name_ru": "мелко порубить"}}, {"model": "recipes.cookingmethod", "pk": 7, "fields": {"name_en": "add", "name_lv": "pievienot", "name_ru": "добавить"}}, {"model": "recipes.cookingmethod", "pk": 8, "fields": {"name_en": "combine", "name_lv": "apvienot", "name_ru": "соединить"}}, {"model": "recipes.cookingmethod", "pk": 9, "fields": {"name_en": "mix", "name_lv": "sajaukt", "name_ru": "мешать"}}, {"model": "recipes.cookingmethod", "pk": 10, "fields": {"name_en": "cook", "name_lv": "gatavot", "name_ru": "готовить"}}, {"model": "recipes.cookingmethod", "pk": 11, "fields": {"name_en": "stir", "name_lv": "maisīt", "name_ru": "перемешивать"}}, {"model": "recipes.cookingmethod", "pk": 12, "fields": {"name_en": "fry", "name_lv": "cept", "name_ru": "жарить"}}, {"model": "recipes.cookingmethod", "pk": 13, "fields": {"name_en": "taste", "name_lv": "garšot", "name_ru": "пробовать на вкус"}}, {"model": "recipes.cookingmethod", "pk": 14, "fields": {"name_en": "rest", "name_lv": "atlaidināt", "name_ru": "отдохнуть"}}, {"model": "recipes.cookingmethod", "pk": 15, "fields": {"name_en": "garnish", "name_lv": "rotāt", "name_ru": "украсить"}}, {"model": "recipes.cookingmethod", "pk": 16, "fields": {"name_en": "serve", "name_lv": "pasniegt", "name_ru": "подавать"}}, {"model": "recipes.cookingmethod", "pk": 17, "fields": {"name_en": "store", "name_lv": "uzglabāt", "name_ru": "хранить"}}, {"model": "recipes.cookingmethod", "pk": 18, "fields": {"name_en": "boil", "name_lv": "vārīt", "name_ru": "boil"}}, {"model": "recipes.unit", "pk": 1, "fields": {"name_en": "teaspoon (tsp)", "name_lv": "tējkarote (tējk.)", "name_ru": "чайная ложка (ч. л.)", "type_shoping_valid": null}}, {"model": "recipes.unit", "pk": 2, "fields": {"name_en": "tablespoon (tbsp)", "name_lv": "ēdamkarote (ēd.k.)", "name_ru": "столовая ложка (ст. л.)", "type_shoping_valid": null}}, {"model": "recipes.unit", "pk": 3, "fields": {"name_en": "fluid ounce (fl oz)", "name_lv": "šķidrā unce (šķidr. oz)", "name_ru": "жидкая унция (ж. унц.)", "type_shoping_valid": null}}, {"model": "recipes.unit", "pk": 4, "fields": {"name_en": "cup (c)", "name_lv": "glāze", "name_ru": "чашка (ч.)", "type_shoping_valid": null}}, {"model": "recipes.unit", "pk": 5, "fields": {"name_en": "pint (pt)", "name_lv": "pinte (pt)", "name_ru": "пинта (пт.)", "type_shoping_valid": null}}, {"model": "recipes.unit", "pk": 6, "fields": {"name_en": "quart (qt)", "name_lv": "kvarts (qt)", "name_ru": "кварта (квт.)", "type_shoping_valid": null}}, {"model": "recipes.unit", "pk": 7, "fields": {"name_en": "gallon (gal)", "name_lv": "gallons (gal)", "name_ru": "галлон (гал.)", "type_shoping_valid": null}}, {"model": "recipes.unit", "pk": 8, "fields": {"name_en": "milliliter (ml)", "name_lv": "mililitrs (ml)", "name_ru": "миллилитр (мл)", "type_shoping_valid": true}}, {"model": "recipes.unit", "pk": 9, "fields": {"name_en": "liter (l)", "name_lv": "litrs (l)", "name_ru": "литр (л)", "type_shoping_valid": true}}, {"model": "recipes.unit", "pk": 10, "fields": {"name_en": "ounce (oz)", "name_lv": "unce (oz)", "name_ru": "унция (унц.)", "type_shoping_valid": null}}, {"model": "recipes.unit", "pk": 11, "fields": {"name_en": "pound (lb)", "name_lv": "mārciņa (lb)", "name_ru": "фунт (фт.)", "type_shoping_valid": null}}, {"model": "recipes.unit", "pk": 12, "fields": {"name_en": "gram (g)", "name_lv": "grams (g)", "name_ru": "грамм (г)", "type_shoping_valid": true}}, {"model": "recipes.unit", "pk": 13, "fields": {"name_en": "kilogram (kg)", "name_lv": "kilograms (kg)", "name_ru": "килограмм (кг)", "type_shoping_valid": true}}, {"model": "recipes.unit", "pk": 14, "fields": {"name_en": "inch (in)", "name_lv": "colla (in)", "name_ru": "дюйм (дюйм)", "type_shoping_valid": null}}, {"model": "recipes.unit", "pk": 15, "fields": {"name_en": "foot (ft)", "name_lv": "pēda (ft)", "name_ru": "фут (фт)", "type_shoping_valid": null}}, {"model": "recipes.unit", "pk": 16, "fields": {"name_en": "centimeter (cm)", "name_lv": "centimetrs (cm)", "name_ru": "сантиметр (см)", "type_shoping_valid": null}}, {"model": "recipes.unit", "pk": 17, "fields": {"name_en": "meter (m)", "name_lv": "metrs (m)", "name_ru": "метр (м)", "type_shoping_valid": null}}, {"model": "recipes.unit", "pk": 18, "fields": {"name_en": "fahrenheit (°f)", "name_lv": "fārenheits (°f)", "name_ru": "фаренгейт (°f)", "type_shoping_valid": null}}, {"model": "recipes.unit", "pk": 19, "fields": {"name_en": "celsius (°c)", "name_lv": "celsija (°c)", "name_ru": "цельсий (°c)", "type_shoping_valid": null}}, {"model": "recipes.unit", "pk": 20, "fields": {"name_en": "each", "name_lv": "katrs", "name_ru": "каждый", "type_shoping_valid": true}}, {"model": "recipes.unit", "pk": 21, "fields": {"name_en": "dozen", "name_lv": "ducis", "name_ru": "дюжина", "type_shoping_valid": null}}, {"model": "recipes.unit", "pk": 22, "fields": {"name_en": "can", "name_lv": "bunža", "name_ru": "банка", "type_shoping_valid": true}}, {"model": "recipes.adjective", "pk": 1, "fields": {"name_en": "tasty", "name_lv": "garšīgs", "name_ru": "вкусный"}}, {"model": "recipes.adjective", "pk": 2, "fields": {"name_en": "salty", "name_lv": "sāļš", "name_ru": "соленый"}}, {"model": "recipes.adjective", "pk": 3, "fields": {"name_en": "creamy", "name_lv": "krēmīgs", "name_ru": "кремовый"}}, {"model": "recipes.adjective", "pk": 4, "fields": {"name_en": "aromatic", "name_lv": "aromātisks", "name_ru": "ароматный"}}, {"model": "recipes.adjective", "pk": 5, "fields": {"name_en": "sour", "name_lv": "skābs", "name_ru": "кислый"}}, {"model": "recipes.adjective", "pk": 6, "fields": {"name_en": "sweet", "name_lv": "salds", "name_ru": "сладкий"}}, {"model": "recipes.adjective", "pk": 7, "fields": {"name_en": "tart", "name_lv": "skābāns", "name_ru": "терпкий"}}, {"model": "recipes.adjective", "pk": 8, "fields": {"name_en": "rich", "name_lv": "bagātīgs", "name_ru": "богатый"}}, {"model": "recipes.adjective", "pk": 9, "fields": {"name_en": "buttery", "name_lv": "sviestains", "name_ru": "маслянистый"}}, {"model": "recipes.adjective", "pk": 10, "fields": {"name_en": "smoky", "name_lv": "smeķīgs", "name_ru": "копченый"}}, {"model": "recipes.adjective", "pk": 11, "fields": {"name_en": "garlicky", "name_lv": "ķiplokains", "name_ru": "чесночный"}}, {"model": "recipes.adjective", "pk": 12, "fields": {"name_en": "spicy", "name_lv": "ass", "name_ru": "острый"}}, {"model": "recipes.adjective", "pk": 13, "fields": {"name_en": "piquant", "name_lv": "pikants", "name_ru": "пикантный"}}, {"model": "recipes.adjective", "pk": 14, "fields": {"name_en": "refreshing", "name_lv": "atsvaidzinošs", "name_ru": "освежающий"}}, {"model": "recipes.adjective", "pk": 15, "fields": {"name_en": "juicy", "name_lv": "sulīgs", "name_ru": "сочный"}}, {"model": "recipes.adjective", "pk": 16, "fields": {"name_en": "gentle", "name_lv": "maigs", "name_ru": "нежный"}}, {"model": "recipes.adjective", "pk": 17, "fields": {"name_en": "crispy", "name_lv": "čipsains", "name_ru": "хрустящий"}}, {"model": "recipes.adjective", "pk": 18, "fields": {"name_en": "velvety", "name_lv": "samtains", "name_ru": "бархатистый"}}, {"model": "recipes.adjective", "pk": 19, "fields": {"name_en": "soft", "name_lv": "mīksts", "name_ru": "мягкий"}}, {"model": "recipes.adjective", "pk": 20, "fields": {"name_en": "nutty", "name_lv": "riekstains", "name_ru": "ореховый"}}, {"model": "recipes.adjective", "pk": 21, "fields": {"name_en": "peppery", "name_lv": "piparains", "name_ru": "перечный"}}, {"model": "recipes.adjective", "pk": 22, "fields": {"name_en": "caramelized", "name_lv": "karamelizēts", "name_ru": "карамелизированный"}}, {"model": "recipes.adjective", "pk": 23, "fields": {"name_en": "zesty", "name_lv": "citrusains", "name_ru": "цитрусовый"}}, {"model": "recipes.adjective", "pk": 24, "fields": {"name_en": "wheaty", "name_lv": "kvietains", "name_ru": "пшеничный"}}, {"model": "recipes.adjective", "pk": 25, "fields": {"name_en": "bubbly", "name_lv": "burbuļains", "name_ru": "пузырчатый"}}, {"model": "recipes.adjective", "pk": 26, "fields": {"name_en": "melting", "name_lv": "kūstošs", "name_ru": "тающий"}}, {"model": "recipes.adjective", "pk": 27, "fields": {"name_en": "syrupy", "name_lv": "sīrupains", "name_ru": "сиропный"}}, {"model": "recipes.adjective", "pk": 28, "fields": {"name_en": "sugary", "name_lv": "cukurains", "name_ru": "сахарный"}}, {"model": "recipes.adjective", "pk": 29, "fields": {"name_en": "fruity", "name_lv": "augļains", "name_ru": "фруктовый"}}, {"model": "recipes.adjective", "pk": 30, "fields": {"name_en": "hearty", "name_lv": "sātīgs", "name_ru": "сытный"}}, {"model": "recipes.adjective", "pk": 31, "fields": {"name_en": "light", "name_lv": "viegls", "name_ru": "легкий"}}, {"model": "recipes.adjective", "pk": 32, "fields": {"name_en": "fluffy", "name_lv": "pūkains", "name_ru": "пушистый"}}, {"model": "recipes.adjective", "pk": 33, "fields": {"name_en": "crunchy", "name_lv": "kraukšķīgs", "name_ru": "crunchy"}}, {"model": "recipes.adjective", "pk": 34, "fields": {"name_en": "earthy", "name_lv": "gaisīgs", "name_ru": "землистый"}}, {"model": "recipes.adjective", "pk": 35, "fields": {"name_en": "robust", "name_lv": "spēcīgs", "name_ru": "крепкий"}}, {"model": "recipes.adjective", "pk": 36, "fields": {"name_en": "delicate", "name_lv": "delikāts", "name_ru": "деликатный"}}, {"model": "recipes.ingredient", "pk": 1, "fields": {"allergen": null, "category": null, "name_en": "onion", "name_lv": "sīpoli", "name_ru": "лук", "price": "20.10"}}, {"model": "recipes.ingredient", "pk": 2, "fields": {"allergen": null, "category": null, "name_en": "garlic", "name_lv": "ķiploki", "name_ru": "чеснок", "price": "22.50"}}, {"model": "recipes.ingredient", "pk": 3, "fields": {"allergen": null, "category": null, "name_en": "tomato", "name_lv": "tomāts", "name_ru": "помидор", "price": "24.90"}}, {"model": "recipes.ingredient", "pk": 4, "fields": {"allergen": null, "category": null, "name_en": "bell pepper", "name_lv": "paprika", "name_ru": "болгарский перец", "price": "27.30"}}, {"model": "recipes.ingredient", "pk": 5, "fields": {"allergen": null, "category": null, "name_en": "carrot", "name_lv": "burkāns", "name_ru": "морковь", "price": "29.70"}}, {"model": "recipes.ingredient", "pk": 6, "fields": {"allergen": null, "category": null, "name_en": "broccoli", "name_lv": "brokoļi", "name_ru": "брокколи", "price": "32.10"}}, {"model": "recipes.ingredient", "pk": 7, "fields": {"allergen": null, "category": null, "name_en": "spinach", "name_lv": "spināti", "name_ru": "шпинат", "price": "34.50"}}, {"model": "recipes.ingredient", "pk": 8, "fields": {"allergen": null, "category": null, "name_en": "mushroom", "name_lv": "sēne", "name_ru": "гриб", "price": "36.90"}}, {"model": "recipes.ingredient", "pk": 9, "fields": {"allergen": null, "category": null, "name_en": "zucchini", "name_lv": "cukini", "name_ru": "цуккини", "price": "39.30"}}, {"model": "recipes.ingredient", "pk": 10, "fields": {"allergen": null, "category": null, "name_en": "potato", "name_lv": "kartupelis", "name_ru": "картошка", "price": "41.70"}}, {"model": "recipes.ingredient", "pk": 11, "fields": {"allergen": null, "category": null, "name_en": "apple", "name_lv": "ābols", "name_ru": "яблоко", "price": "44.10"}}, {"model": "recipes.ingredient", "pk": 12, "fields": {"allergen": null, "category": null, "name_en": "banana", "name_lv": "banāns", "name_ru": "банан", "price": "46.50"}}, {"model": "recipes.ingredient", "pk": 13, "fields": {"allergen": null, "category": null, "name_en": "orange", "name_lv": "apelsīns", "name_ru": "апельсин", "price": "48.90"}}, {"model": "recipes.ingredient", "pk": 14, "fields": {"allergen": null, "category": null, "name_en": "lemon", "name_lv": "citrons", "name_ru": "лимон", "price": "51.30"}}, {"model": "recipes.ingredient", "pk": 15, "fields": {"allergen": null, "category": null, "name_en": "avocado", "name_lv": "avokado", "name_ru": "авокадо", "price": "53.70"}}, {"model": "recipes.ingredient", "pk": 16, "fields": {"allergen": null, "category": null, "name_en": "strawberry", "name_lv": "zemenes", "name_ru": "клубника", "price": "56.10"}}, {"model": "recipes.ingredient", "pk": 17, "fields": {"allergen": null, "category": null, "name_en": "blueberry", "name_lv": "mellenes", "name_ru": "черника", "price": "58.50"}}, {"model": "recipes.ingredient", "pk": 18, "fields": {"allergen": null, "category": null, "name_en": "raspberry", "name_lv": "avenes", "name_ru": "малина", "price": "60.90"}}, {"model": "recipes.ingredient", "pk": 19, "fields": {"allergen": null, "category": null, "name_en": "mango", "name_lv": "mango", "name_ru": "манго", "price": "63.30"}}, {"model": "recipes.ingredient", "pk": 20, "fields": {"allergen": null, "category": null, "name_en": "pineapple", "name_lv": "ananass", "name_ru": "ананас", "price": "65.70"}}, {"model": "recipes.ingredient", "pk": 21, "fields": {"allergen": null, "category": null, "name_en": "chicken", "name_lv": "vistas gaļa", "name_ru": "курица", "price": "68.10"}}, {"model": "recipes.ingredient", "pk": 22, "fields": {"allergen": null, "category": null, "name_en": "beef", "name_lv": "lielopu gaļu", "name_ru": "говядина", "price": "70.50"}}, {"model": "recipes.ingredient", "pk": 23, "fields": {"allergen": null, "category": null, "name_en": "pork", "name_lv": "cūkgaļa", "name_ru": "свинина", "price": "72.90"}}, {"model": "recipes.ingredient", "pk": 24, "fields": {"allergen": null, "category": null, "name_en": "fish (salmon, tilapia, cod, etc.)", "name_lv": "zivis (lasis, tilapija, bakalārs, utt.)", "name_ru": "рыба (лосось, тилапия, треска, и так далее)", "price": "75.30"}}, {"model": "recipes.ingredient", "pk": 25, "fields": {"allergen": null, "category": null, "name_en": "tofu", "name_lv": "tofu", "name_ru": "тофу", "price": "77.70"}}, {"model": "recipes.ingredient", "pk": 26, "fields": {"allergen": null, "category": null, "name_en": "eggs", "name_lv": "olas", "name_ru": "яйца", "price": "80.10"}}, {"model": "recipes.ingredient", "pk": 27, "fields": {"allergen": null, "category": null, "name_en": "lentils", "name_lv": "lēcas", "name_ru": "чечевица", "price": "82.50"}}, {"model": "recipes.ingredient", "pk": 28, "fields": {"allergen": null, "category": null, "name_en": "beans", "name_lv": "pupas", "name_ru": "бобы", "price": "84.90"}}, {"model": "recipes.ingredient", "pk": 29, "fields": {"allergen": null, "category": null, "name_en": "chickpeas", "name_lv": "auna zirņi", "name_ru": "нут", "price": "87.30"}}, {"model": "recipes.ingredient", "pk": 30, "fields": {"allergen": null, "category": null, "name_en": "rice", "name_lv": "rīsi", "name_ru": "рис", "price": "89.70"}}, {"model": "recipes.ingredient", "pk": 31, "fields": {"allergen": null, "category": null, "name_en": "quinoa", "name_lv": "kvinoja", "name_ru": "киноа", "price": "92.10"}}, {"model": "recipes.ingredient", "pk": 32, "fields": {"allergen": null, "category": null, "name_en": "pasta", "name_lv": "makaroni", "name_ru": "паста", "price": "94.50"}}, {"model": "recipes.ingredient", "pk": 33, "fields": {"allergen": null, "category": null, "name_en": "bread", "name_lv": "maize", "name_ru": "хлеб", "price": "96.90"}}, {"model": "recipes.ingredient", "pk": 34, "fields": {"allergen": null, "category": null, "name_en": "oats", "name_lv": "auzas", "name_ru": "овес", "price": "99.30"}}, {"model": "recipes.ingredient", "pk": 35, "fields": {"allergen": null, "category": null, "name_en": "barley", "name_lv": "ķirbis", "name_ru": "ячмень", "price": "101.70"}}, {"model": "recipes.ingredient", "pk": 36, "fields": {"allergen": null, "category": null, "name_en": "bulgur", "name_lv": "bulgurs", "name_ru": "бугур", "price": "104.10"}}, {"model": "recipes.ingredient", "pk": 37, "fields": {"allergen": null, "category": null, "name_en": "couscous", "name_lv": "kuskuss", "name_ru": "кускус", "price": "106.50"}}, {"model": "recipes.ingredient", "pk": 38, "fields": {"allergen": null, "category": null, "name_en": "milk", "name_lv": "piens", "name_ru": "молоко", "price": "108.90"}}, {"model": "recipes.ingredient", "pk": 39, "fields": {"allergen": null, "category": null, "name_en": "cheese", "name_lv": "siers", "name_ru": "сыр", "price": "111.30"}}, {"model": "recipes.ingredient", "pk": 40, "fields": {"allergen": null, "category": null, "name_en": "yogurt", "name_lv": "jogurts", "name_ru": "йогурт", "price": "113.70"}}, {"model": "recipes.ingredient", "pk": 41, "fields": {"allergen": null, "category": null, "name_en": "butter", "name_lv": "sviests", "name_ru": "масло", "price": "116.10"}}, {"model": "recipes.ingredient", "pk": 42, "fields": {"allergen": null, "category": null, "name_en": "almond milk", "name_lv": "mandeļu piens", "name_ru": "миндальное молоко", "price": "118.50"}}, {"model": "recipes.ingredient", "pk": 43, "fields": {"allergen": null, "category": null, "name_en": "coconut milk", "name_lv": "kokosriekstu piens", "name_ru": "кокосовое молоко", "price": "120.90"}}, {"model": "recipes.ingredient", "pk": 44, "fields": {"allergen": null, "category": null, "name_en": "salt", "name_lv": "sāls", "name_ru": "соль", "price": "123.30"}}, {"model": "recipes.ingredient", "pk": 45, "fields": {"allergen": null, "category": null, "name_en": "pepper", "name_lv": "pipari", "name_ru": "перец", "price": "125.70"}}, {"model": "recipes.ingredient", "pk": 46, "fields": {"allergen": null, "category": null, "name_en": "basil", "name_lv": "baziliks", "name_ru": "базилик", "price": "128.10"}}, {"model": "recipes.ingredient", "pk": 47, "fields": {"allergen": null, "category": null, "name_en": "oregano", "name_lv": "oregano", "name_ru": "орегано", "price": "130.50"}}, {"model": "recipes.ingredient", "pk": 48, "fields": {"allergen": null, "category": null, "name_en": "thyme", "name_lv": "timiāns", "name_ru": "тимьян", "price": "132.90"}}, {"model": "recipes.ingredient", "pk": 49, "fields": {"allergen": null, "category": null, "name_en": "rosemary", "name_lv": "rozmarīns", "name_ru": "розмарин", "price": "135.30"}}, {"model": "recipes.ingredient", "pk": 50, "fields": {"allergen": null, "category": null, "name_en": "cumin", "name_lv": "ķimenes", "name_ru": "тмин", "price": "137.70"}}, {"model": "recipes.ingredient", "pk": 51, "fields": {"allergen": null, "category": null, "name_en": "paprika", "name_lv": "paprika (garšviela)", "name_ru": "паприка", "price": "140.10"}}, {"model": "recipes.ingredient", "pk": 52, "fields": {"allergen": null, "category": null, "name_en": "garlic powder", "name_lv": "ķiploku pulveris", "name_ru": "чесночный порошок", "price": "142.50"}}, {"model": "recipes.ingredient", "pk": 53, "fields": {"allergen": null, "category": null, "name_en": "ginger", "name_lv": "ingvers", "name_ru": "имбирь", "price": "144.90"}}, {"model": "recipes.ingredient", "pk": 54, "fields": {"allergen": null, "category": null, "name_en": "olive oil", "name_lv": "olīveļļa", "name_ru": "оливковое масло", "price": "147.30"}}, {"model": "recipes.ingredient", "pk": 55, "fields": {"allergen": null, "category": null, "name_en": "soy sauce", "name_lv": "sojas mērce", "name_ru": "соевый соус", "price": "149.70"}}, {"model": "recipes.ingredient", "pk": 56, "fields": {"allergen": null, "category": null, "name_en": "balsamic vinegar", "name_lv": "balzamiskais etiķis", "name_ru": "бальзамический уксус", "price": "152.10"}}, {"model": "recipes.ingredient", "pk": 57, "fields": {"allergen": null, "category": null, "name_en": "honey", "name_lv": "medus", "name_ru": "мед", "price": "154.50"}}, {"model": "recipes.ingredient", "pk": 58, "fields": {"allergen": null, "category": null, "name_en": "mustard", "name_lv": "sinepes", "name_ru": "горчица", "price": "156.90"}}, {"model": "recipes.ingredient", "pk": 59, "fields": {"allergen": null, "category": null, "name_en": "ketchup", "name_lv": "ketčups", "name_ru": "кетчуп", "price": "159.30"}}, {"model": "recipes.ingredient", "pk": 60, "fields": {"allergen": null, "category": null, "name_en": "mayonnaise", "name_lv": "majonēze", "name_ru": "майонез", "price": "161.70"}}, {"model": "recipes.ingredient", "pk": 61, "fields": {"allergen": null, "category": null, "name_en": "almonds", "name_lv": "mandeles", "name_ru": "миндаль", "price": "164.10"}}, {"model": "recipes.ingredient", "pk": 62, "fields": {"allergen": null, "category": null, "name_en": "walnuts", "name_lv": "valrieksti", "name_ru": "грецкий орех", "price": "166.50"}}, {"model": "recipes.ingredient", "pk": 63, "fields": {"allergen": null, "category": null, "name_en": "sunflower seeds", "name_lv": "saulespuķu sēklas", "name_ru": "семечки подсолнуха", "price": "168.90"}}, {"model": "recipes.ingredient", "pk": 64, "fields": {"allergen": null, "category": null, "name_en": "chia seeds", "name_lv": "čia sēklas", "name_ru": "семена чиа", "price": "171.30"}}, {"model": "recipes.ingredient", "pk": 65, "fields": {"allergen": null, "category": null, "name_en": "flaxseeds", "name_lv": "linsēklas", "name_ru": "семена льна", "price": "173.70"}}, {"model": "recipes.ingredient", "pk": 66, "fields": {"allergen": null, "category": null, "name_en": "pumpkin seeds", "name_lv": "ķirbju sēklas", "name_ru": "тыквенные семечки", "price": "176.10"}}, {"model": "recipes.ingredient", "pk": 68, "fields": {"allergen": 1, "category": 5, "name_en": "heavy cream", "name_lv": "saldais krējums", "name_ru": "жирные сливки", "price": "2.05"}}, {"model": "recipes.ingredient", "pk": 69, "fields": {"allergen": 6, "category": 4, "name_en": "flour", "name_lv": "milti", "name_ru": "мука", "price": "2.20"}}, {"model": "recipes.ingredient", "pk": 70, "fields": {"allergen": 7, "category": 3, "name_en": "tuna", "name_lv": "tuncis", "name_ru": "тунец", "price": "3.50"}}, {"model": "recipes.ingredient", "pk": 71, "fields": {"allergen": 11, "category": 1, "name_en": "celery", "name_lv": "selerija", "name_ru": "сельдерей", "price": "1.05"}}, {"model": "recipes.recipe", "pk": 3, "fields": {"title": 1, "description": 2, "cuisine": 20, "occasion": 4, "meal": 9, "cooking_time": 60, "servings": 4, "dietary_preferences": [6], "equipment": [1], "cooking_methods": [12]}}, {"model": "recipes.recipe", "pk": 4, "fields": {"title": 2, "description": 3, "cuisine": 20, "occasion": 4, "meal": 9, "cooking_time": 50, "servings": 4, "dietary_preferences": [6], "equipment": [1], "cooking_methods": [12]}}, {"model": "recipes.recipe", "pk": 5, "fields": {"title": 3, "description": 4, "cuisine": 21, "occasion": 4, "meal": 9, "cooking_time": 40, "servings": 1, "dietary_preferences": [3], "equipment": [1], "cooking_methods": [12]}}, {"model": "recipes.recipe", "pk": 6, "fields": {"title": 4, "description": 5, "cuisine": 21, "occasion": 4, "meal": 9, "cooking_time": 40, "servings": 1, "dietary_preferences": [1], "equipment": [1], "cooking_methods": [10]}}, {"model": "recipes.recipe", "pk": 7, "fields": {"title": 5, "description": 6, "cuisine": 20, "occasion": 3, "meal": 9, "cooking_time": 40, "servings": 4, "dietary_preferences": [1], "equipment": [1], "cooking_methods": [10]}}, {"model": "recipes.recipe", "pk": 8, "fields": {"title": 6, "description": 7, "cuisine": 21, "occasion": 3, "meal": 3, "cooking_time": 60, "servings": 1, "dietary_preferences": [1], "equipment": [2], "cooking_methods": [10]}}, {"model": "recipes.recipe", "pk": 9, "fields": {"title": 7, "description": 8, "cuisine": 21, "occasion": 3, "meal": 3, "cooking_time": 60, "servings": 1, "dietary_preferences": [6], "equipment": [2], "cooking_methods": [10]}}, {"model": "recipes.recipe", "pk": 10, "fields": {"title": 8, "description": 9, "cuisine": 21, "occasion": 4, "meal": 7, "cooking_time": 15, "servings": 1, "dietary_preferences": [1], "equipment": [1], "cooking_methods": [10]}}, {"model": "recipes.recipe", "pk": 11, "fields": {"title": 9, "description": 10, "cuisine": 21, "occasion": 4, "meal": 7, "cooking_time": 30, "servings": 5, "dietary_preferences": [1], "equipment": [5], "cooking_methods": [10]}}, {"model": "recipes.recipe", "pk": 12, "fields": {"title": 10, "description": 11, "cuisine": 21, "occasion": 1, "meal": 11, "cooking_time": 20, "servings": 1, "dietary_preferences": [13], "equipment": [1, 3, 5], "cooking_methods": [10]}}, {"model": "recipes.recipe", "pk": 13, "fields": {"title": 18, "description": 19, "cuisine": null, "occasion": null, "meal": 15, "cooking_time": 6, "servings": 1, "dietary_preferences": [11], "equipment": [2, 4, 8], "cooking_methods": []}}, {"model": "recipes.recipeingredient", "pk": 6, "fields": {"recipe": 3, "ingredient": 23, "quantity": "1.00", "unit": 13}}, {"model": "recipes.recipeingredient", "pk": 7, "fields": {"recipe": 3, "ingredient": 1, "quantity": "1.00", "unit": 20}}, {"model": "recipes.recipeingredient", "pk": 8, "fields": {"recipe": 3, "ingredient": 2, "quantity": "3.00", "unit": 20}}, {"model": "recipes.recipeingredient", "pk": 9, "fields": {"recipe": 3, "ingredient": 33, "quantity": "2.00", "unit": 20}}, {"model": "recipes.recipeingredient", "pk": 10, "fields": {"recipe": 3, "ingredient": 38, "quantity": "125.00", "unit": 8}}, {"model": "recipes.recipeingredient", "pk": 11, "fields": {"recipe": 3, "ingredient": 26, "quantity": "1.00", "unit": 20}}, {"model": "recipes.recipeingredient", "pk": 12, "fields": {"recipe": 3, "ingredient": 44, "quantity": "0.01", "unit": 12}}, {"model": "recipes.recipeingredient", "pk": 13, "fields": {"recipe": 3, "ingredient": 45, "quantity": "0.01", "unit": 12}}, {"model": "recipes.recipeingredient", "pk": 14, "fields": {"recipe": 3, "ingredient": 54, "quantity": "0.05", "unit": 8}}, {"model": "recipes.recipeingredient", "pk": 15, "fields": {"recipe": 4, "ingredient": 23, "quantity": "1.00", "unit": 13}}, {"model": "recipes.recipeingredient", "pk": 16, "fields": {"recipe": 4, "ingredient": 26, "quantity": "2.00", "unit": 20}}, {"model": "recipes.recipeingredient", "pk": 17, "fields": {"recipe": 4, "ingredient": 1, "quantity": "1.00", "unit": 20}}, {"model": "recipes.recipeingredient", "pk": 18, "fields": {"recipe": 4, "ingredient": 2, "quantity": "3.00", "unit": 20}}, {"model": "recipes.recipeingredient", "pk": 19, "fields": {"recipe": 4, "ingredient": 44, "quantity": "0.01", "unit": 12}}, {"model": "recipes.recipeingredient", "pk": 20, "fields": {"recipe": 4, "ingredient": 45, "quantity": "0.01", "unit": 12}}, {"model": "recipes.recipeingredient", "pk": 21, "fields": {"recipe": 4, "ingredient": 54, "quantity": "0.05", "unit": 8}}, {"model": "recipes.recipeingredient", "pk": 22, "fields": {"recipe": 4, "ingredient": 3, "quantity": "2.00", "unit": 20}}, {"model": "recipes.recipeingredient", "pk": 23, "fields": {"recipe": 4, "ingredient": 1, "quantity": "1.00", "unit": 20}}, {"model": "recipes.recipeingredient", "pk": 24, "fields": {"recipe": 4, "ingredient": 4, "quantity": "0.50", "unit": 20}}, {"model": "recipes.recipeingredient", "pk": 25, "fields": {"recipe": 5, "ingredient": 9, "quantity": "2.00", "unit": 20}}, {"model": "recipes.recipeingredient", "pk": 26, "fields": {"recipe": 5, "ingredient": 1, "quantity": "1.00", "unit": 20}}, {"model": "recipes.recipeingredient", "pk": 27, "fields": {"recipe": 5, "ingredient": 2, "quantity": "4.00", "unit": 20}}, {"model": "recipes.recipeingredient", "pk": 28, "fields": {"recipe": 5, "ingredient": 44, "quantity": "0.01", "unit": 12}}, {"model": "recipes.recipeingredient", "pk": 29, "fields": {"recipe": 5, "ingredient": 45, "quantity": "0.01", "unit": 12}}, {"model": "recipes.recipeingredient", "pk": 30, "fields": {"recipe": 5, "ingredient": 54, "quantity": "0.05", "unit": 8}}, {"model": "recipes.recipeingredient", "pk": 31, "fields": {"recipe": 6, "ingredient": 9, "quantity": "2.00", "unit": 20}}, {"model": "recipes.recipeingredient", "pk": 32, "fields": {"recipe": 6, "ingredient": 3, "quantity": "500.00", "unit": 12}}, {"model": "recipes.recipeingredient", "pk": 33, "fields": {"recipe": 6, "ingredient": 54, "quantity": "0.05", "unit": 8}}, {"model": "recipes.recipeingredient", "pk": 34, "fields": {"recipe": 6, "ingredient": 1, "quantity": "1.00", "unit": 20}}, {"model": "recipes.recipeingredient", "pk": 35, "fields": {"recipe": 6, "ingredient": 39, "quantity": "0.01", "unit": 12}}, {"model": "recipes.recipeingredient", "pk": 36, "fields": {"recipe": 7, "ingredient": 9, "quantity": "0.75", "unit": 13}}, {"model": "recipes.recipeingredient", "pk": 37, "fields": {"recipe": 7, "ingredient": 1, "quantity": "50.00", "unit": 12}}, {"model": "recipes.recipeingredient", "pk": 38, "fields": {"recipe": 7, "ingredient": 5, "quantity": "25.00", "unit": 12}}, {"model": "recipes.recipeingredient", "pk": 39, "fields": {"recipe": 7, "ingredient": 2, "quantity": "2.50", "unit": 20}}, {"model": "recipes.recipeingredient", "pk": 40, "fields": {"recipe": 7, "ingredient": 44, "quantity": "0.01", "unit": 12}}, {"model": "recipes.recipeingredient", "pk": 41, "fields": {"recipe": 7, "ingredient": 54, "quantity": "0.05", "unit": 8}}, {"model": "recipes.recipeingredient", "pk": 42, "fields": {"recipe": 7, "ingredient": 26, "quantity": "2.50", "unit": 20}}, {"model": "recipes.recipeingredient", "pk": 43, "fields": {"recipe": 7, "ingredient": 60, "quantity": "125.00", "unit": 8}}, {"model": "recipes.recipeingredient", "pk": 44, "fields": {"recipe": 7, "ingredient": 3, "quantity": "5.00", "unit": 20}}, {"model": "recipes.recipeingredient", "pk": 45, "fields": {"recipe": 8, "ingredient": 9, "quantity": "3.00", "unit": 20}}, {"model": "recipes.recipeingredient", "pk": 46, "fields": {"recipe": 8, "ingredient": 5, "quantity": "4.00", "unit": 20}}, {"model": "recipes.recipeingredient", "pk": 47, "fields": {"recipe": 8, "ingredient": 1, "quantity": "2.00", "unit": 20}}, {"model": "recipes.recipeingredient", "pk": 48, "fields": {"recipe": 8, "ingredient": 39, "quantity": "100.00", "unit": 12}}, {"model": "recipes.recipeingredient", "pk": 49, "fields": {"recipe": 8, "ingredient": 54, "quantity": "0.05", "unit": 8}}, {"model": "recipes.recipeingredient", "pk": 50, "fields": {"recipe": 8, "ingredient": 26, "quantity": "1.00", "unit": 20}}, {"model": "recipes.recipeingredient", "pk": 51, "fields": {"recipe": 8, "ingredient": 2, "quantity": "2.00", "unit": 20}}, {"model": "recipes.recipeingredient", "pk": 52, "fields": {"recipe": 9, "ingredient": 21, "quantity": "1.00", "unit": 20}}, {"model": "recipes.recipeingredient", "pk": 53, "fields": {"recipe": 9, "ingredient": 44, "quantity": "1.00", "unit": 13}}, {"model": "recipes.recipeingredient", "pk": 54, "fields": {"recipe": 9, "ingredient": 60, "quantity": "200.00", "unit": 8}}, {"model": "recipes.recipeingredient", "pk": 55, "fields": {"recipe": 10, "ingredient": 39, "quantity": "100.00", "unit": 12}}, {"model": "recipes.recipeingredient", "pk": 56, "fields": {"recipe": 10, "ingredient": 26, "quantity": "2.00", "unit": 20}}, {"model": "recipes.recipeingredient", "pk": 57, "fields": {"recipe": 10, "ingredient": 54, "quantity": "0.05", "unit": 8}}, {"model": "recipes.recipeingredient", "pk": 58, "fields": {"recipe": 10, "ingredient": 57, "quantity": "10.00", "unit": 8}}, {"model": "recipes.recipeingredient", "pk": 59, "fields": {"recipe": 10, "ingredient": 17, "quantity": "250.00", "unit": 8}}, {"model": "recipes.recipeingredient", "pk": 60, "fields": {"recipe": 11, "ingredient": 68, "quantity": "200.00", "unit": 8}}, {"model": "recipes.recipeingredient", "pk": 61, "fields": {"recipe": 12, "ingredient": 70, "quantity": "2.00", "unit": 20}}, {"model": "recipes.recipeingredient", "pk": 62, "fields": {"recipe": 12, "ingredient": 71, "quantity": "1.00", "unit": 20}}, {"model": "recipes.recipeingredient", "pk": 63, "fields": {"recipe": 12, "ingredient": 2, "quantity": "3.00", "unit": 20}}, {"model": "recipes.recipeingredient", "pk": 64, "fields": {"recipe": 12, "ingredient": 1, "quantity": "1.00", "unit": 20}}, {"model": "recipes.recipeingredient", "pk": 65, "fields": {"recipe": 12, "ingredient": 43, "quantity": "500.00", "unit": 8}}, {"model": "recipes.recipeingredient", "pk": 66, "fields": {"recipe": 12, "ingredient": 29, "quantity": "1.00", "unit": 22}}, {"model": "recipes.recipeingredient", "pk": 67, "fields": {"recipe": 12, "ingredient": 54, "quantity": "0.05", "unit": 8}}, {"model": "recipes.recipeingredient", "pk": 68, "fields": {"recipe": 12, "ingredient": 2, "quantity": "1.00", "unit": 20}}, {"model": "recipes.cookingstepinstruction", "pk": 7, "fields": {"recipe": 3, "step_number": 1, "name_en": "Finely chop the onion, fry it golden brown in a pan.", "name_lv": "Smalki sagriež sīpolu, pannā apcep zeltaini brūnus.", "name_ru": "Мелко нарезаем лук, обжариваем его на сковороде до золотистого цвета."}}, {"model": "recipes.cookingstepinstruction", "pk": 8, "fields": {"recipe": 3, "step_number": 2, "name_en": "Crush the slices of white bread, put them in a bowl and pour milk over them to soak them.", "name_lv": "Baltmaizes šķēles saplucina, liek bļodā un aplej ar pienu, lai izmirkst.", "name_ru": "Разомните ломтики белого хлеба, положите их в миску и залейте молоком, чтобы они пропитались."}}, {"model": "recipes.cookingstepinstruction", "pk": 9, "fields": {"recipe": 3, "step_number": 3, "name_en": "Add fried onions, pressed garlic (the amount depends on each person), soaked and pressed white bread, egg, sour cream, salt and pepper to the minced meat. Everything is mixed.", "name_lv": "Maltajai gaļai pievieno apceptos sīpolus, izspiestu ķiploku (daudzums katra paša ziņā), izmērcētu un saspaidītu baltmaizi, olu, skābo krējumu, sāli un piparus. Visu sajauc.", "name_ru": "Добавьте в фарш обжаренный лук, прессованный чеснок (количество зависит от каждого человека), размоченный и прессованный белый хлеб, яйцо, сметану, соль и перец. Все смешано."}}, {"model": "recipes.cookingstepinstruction", "pk": 10, "fields": {"recipe": 3, "step_number": 4, "name_en": "Fry in a pan until brown on both sides. Put in a duck with a small amount of water, stew.", "name_lv": "Cep pannā no abām pusēm brūnas. Liek pīlē ar nelielu ūdens daudzumu, sautē.", "name_ru": "Обжарить на сковороде до румяного цвета с обеих сторон. Положите утку в небольшое количество воды, потушите."}}, {"model": "recipes.cookingstepinstruction", "pk": 11, "fields": {"recipe": 3, "step_number": 5, "name_en": "Bon appetit!", "name_lv": "Labu apetīti!", "name_ru": "Приятного аппетита!"}}, {"model": "recipes.cookingstepinstruction", "pk": 12, "fields": {"recipe": 4, "step_number": 1, "name_en": "Meatball dough is made from meat and other products.", "name_lv": "No gaļas un pārējiem produktiem pagatavo kotlešu mīklu.", "name_ru": "Тесто для фрикаделек готовят из мяса и других продуктов."}}, {"model": "recipes.cookingstepinstruction", "pk": 13, "fields": {"recipe": 4, "step_number": 2, "name_en": "Bake the meatballs as usual.", "name_lv": "Izcep kotletes kā ierasts.", "name_ru": "Выпекайте тефтели как обычно."}}, {"model": "recipes.cookingstepinstruction", "pk": 14, "fields": {"recipe": 4, "step_number": 3, "name_en": "Blanch the tomatoes, cut them.", "name_lv": "Noblanšē tomātus, sagriež.", "name_ru": "Бланшируем помидоры, нарезаем их."}}, {"model": "recipes.cookingstepinstruction", "pk": 15, "fields": {"recipe": 4, "step_number": 4, "name_en": "Cut the peppers and onions and put them on the pan to fry. After a while, tomatoes are also added, everything is simmered together on a low flame.", "name_lv": "Sagriež papriku, sīpolus un liek uz pannas cepties. Pēc brīža pievieno arī tomātus, visu kopā sutina uz nelielas liesmas.", "name_ru": "Нарезаем перец и лук и выкладываем на сковороду жариться. Через некоторое время добавляются также помидоры, все вместе тушится на медленном огне."}}, {"model": "recipes.cookingstepinstruction", "pk": 16, "fields": {"recipe": 4, "step_number": 5, "name_en": "When the paprika has become softer, add tomato sauce, salt, pepper and bay leaf, add a little water. Heat everything together, then add the meatballs and simmer for ~ 10 minutes.", "name_lv": "Kad paprika palikusi mīkstāka, pievieno tomātu mērci, sāli, piparus un lauru lapu, pielej nedaudz ūdens. Visu kopā uzkarsē, tad pievieno kotletes un sautē ~ 10 minūes.", "name_ru": "Когда паприка станет мягче, добавьте томатный соус, соль, перец и лавровый лист, добавьте немного воды. Нагрейте все вместе, затем добавьте фрикадельки и тушите ~ 10 минут."}}, {"model": "recipes.cookingstepinstruction", "pk": 17, "fields": {"recipe": 5, "step_number": 1, "name_en": "Zucchini is cut into medium-sized pieces. Fry quickly in heated fat, put in a pot.", "name_lv": "Kabaci sagriež vidēji lielos gabalos. Sakarsētās taukvielās strauji apcep, liek katliņā.", "name_ru": "Zucchini is cut into medium-sized pieces. Fry quickly in heated fat, put in a pot."}}, {"model": "recipes.cookingstepinstruction", "pk": 18, "fields": {"recipe": 5, "step_number": 2, "name_en": "Cut the onion, garlic and chili pepper. Also fried, sprinkled with courgettes.", "name_lv": "Sagriež sīpolu, ķiploku un čili piparu. Arī apcep, ber pie kabačiem.", "name_ru": "Cut the onion, garlic and chili pepper. Also fried, sprinkled with courgettes."}}, {"model": "recipes.cookingstepinstruction", "pk": 19, "fields": {"recipe": 5, "step_number": 3, "name_en": "Pour over a small amount of water, add tomato sauce, salt and pepper. Stew for 15 minutes.\r\nServe with a generous amount of chopped dill.", "name_lv": "Pārlej ar nelielu daudzumu ūdens, pievieno tomātu mērci, sāli un piparus. Sautē 15 minūtes.\r\nPasniedz ar kārtīgu daudzumu sasmalcinātu diļļu.", "name_ru": "Pour over a small amount of water, add tomato sauce, salt and pepper. Stew for 15 minutes.\r\nServe with a generous amount of chopped dill."}}, {"model": "recipes.cookingstepinstruction", "pk": 20, "fields": {"recipe": 6, "step_number": 1, "name_en": "Cut the zucchini into slices, chop the onion, cut the tomatoes in half if using fresh ones. Chop the garlic", "name_lv": "Šķēlēs sagriež cukini, sasmalcina sīpolu, pārgriež uz pusēm tomātus, ja izmanto svaigos. Ķiplokus sakapā", "name_ru": "Кабачки нарезать ломтиками, лук нашинковать, помидоры разрезать пополам, если используете свежие. Чеснок измельчить."}}, {"model": "recipes.cookingstepinstruction", "pk": 21, "fields": {"recipe": 6, "step_number": 2, "name_en": "Lightly fry the sliced onions in a small amount of oil heated in a pot, then add the zucchini and fry for another 5-7 minutes.", "name_lv": "Katliņā uzkarsētā nelielā daudzumā eļļas, sagrieztos sīpolus viegli apcep, tad pievieno cukīni un cep vēl 5-7 minūtes.", "name_ru": "Слегка обжарьте нарезанный лук в небольшом количестве разогретого в кастрюле масла, затем добавьте кабачки и жарьте еще 5-7 минут."}}, {"model": "recipes.cookingstepinstruction", "pk": 22, "fields": {"recipe": 6, "step_number": 3, "name_en": "Add tomatoes, garlic, bouillon cube, pepper. Everything is stewed under the lid for 15 minutes until the vegetables are soft. A pinch of sugar is also added to balance the flavors - the tomato will give quite a sourness. Serve with feta or goat cheese crumbles and herbs to taste. Bon appetite!", "name_lv": "Liek klāt tomātus, ķiplokus, buljona kubiņu, piparus. Visu sautēz zem vāka 15 minūtes, līdz dārzeņi mīksti. Pievieno arī šķipsnu cukura, lai izlīdzinātu garšas - tomāts dos diezgan skābuma. Pasniedz ar fetas vai kazas siera drumstalām un zaļumiem pēc garšas. Labu apetīti!", "name_ru": "Добавьте помидоры, чеснок, бульонный кубик, перец. Все тушится под крышкой 15 минут до мягкости овощей. Для балансировки вкуса также добавляется щепотка сахара – томат придаст изрядную кислинку. Подавайте с крошками феты или козьего сыра и зеленью по вкусу. Приятного аппетита!"}}, {"model": "recipes.cookingstepinstruction", "pk": 23, "fields": {"recipe": 7, "step_number": 1, "name_en": "Chop the vegetables:\r\nZucchini is grated on a beet grater. Add salt, mix and allow the liquid to separate. Cut onions, carrots, fry them light brown in oil. Finely chop the dill.", "name_lv": "Sasmalcina dārzeņus:\r\nKabačus sarīvē uz biešu rīves Pieber sāli, samaisa un ļauj izdalīt škidrumu. Sagriež sīpolus, burkānus, apcep gaiši brūnus eļļā. Smalki sagriež dilles.", "name_ru": "Нарезаем овощи:\r\nКабачки натирают на свекольной терке, добавляют соль, перемешивают и дают жидкости стечь. Нарезаем лук, морковь, обжариваем их до румяного цвета на масле. Мелко нарезаем укроп."}}, {"model": "recipes.cookingstepinstruction", "pk": 24, "fields": {"recipe": 7, "step_number": 2, "name_en": "Everything is mixed. Bake pancakes from it.:\r\nDrain the liquid from the courgettes. Mix zucchini, fried onions and carrots, dill, eggs, crushed garlic clove, flour and salt, pepper in a bowl. Bake as many pancakes as you can.", "name_lv": "Visu sajauc. Cep pankūkas no tā.: \r\nNo kabačiem notecina šķidrumu. Bļodā sajauc kabačus, saceptos sīpolus un burkānus, dilles, olas, saspiestu ķiploka daiviņu, miltus un sāli, piparus. Izcep tik pankūkas, cik sanāk.", "name_ru": "Все перемешано. Испеките из него блины:\r\nСлейте с кабачков жидкость. Смешать в миске кабачки, обжаренные лук и морковь, укроп, яйца, измельченный зубчик чеснока, муку и соль, перец. Испеките как можно больше блинов."}}, {"model": "recipes.cookingstepinstruction", "pk": 25, "fields": {"recipe": 7, "step_number": 3, "name_en": "Put layers - sauce and tomatoes in the middle. Decorate as you like! Let it sink in! :\r\nPrepare the sauce: mayonnaise, cream, remaining crushed garlic cloves.\r\nLeave to infuse a little. Be careful with your fingers - you can accidentally eat them with the cake :)", "name_lv": "Liek kārtas - pa vidu mērci un tomātus. Dekorē pēc patikas! Ļauj ievilkties! : \r\nSagatavo mērci: majonēze, krējums, atlikušās saspiestās ķiploka daiviņas. \r\nAtstāt nedaudz ievilkties. Uzmanīgi ar pirkstiem - tos var nejauši apēst kopā ar kūku :", "name_ru": "Выложить слоями – посередине соус и помидоры. Украшайте, как вам нравится! Пусть оно утонет! :\r\nПриготовьте соус: майонез, сливки, оставшиеся измельченные зубчики чеснока.\r\nОставить немного настояться. Будьте осторожны с пальцами — их можно случайно съесть вместе с тортом :)"}}, {"model": "recipes.cookingstepinstruction", "pk": 26, "fields": {"recipe": 8, "step_number": 1, "name_en": "Cut the zucchini into medium-thick slices, cover with salt and let stand for 10 minutes.", "name_lv": "Kabačus sagriež vidēji biezās šķēlēs, apber ar sāli un ļauj 10 minūtes pastāvēt.", "name_ru": "Кабачки нарезаем ломтиками средней толщины, засыпаем солью и даем постоять 10 минут."}}, {"model": "recipes.cookingstepinstruction", "pk": 27, "fields": {"recipe": 8, "step_number": 2, "name_en": "Beat eggs in one bowl, pour flour into another bowl. It is necessary for breading.", "name_lv": "Sakuļ olas vienā bļodiņā, citā traukā ieber miltus. Tas nepieciešams panēšanai.", "name_ru": "В одной миске взбейте яйца, в другую насыпьте муку. Это необходимо для панировки."}}, {"model": "recipes.cookingstepinstruction", "pk": 28, "fields": {"recipe": 8, "step_number": 3, "name_en": "Roll each roll in flour, then in egg and fry in heated fat until each roll is golden. It is not necessary to fry for a long time, because the zucchini should remain firm - an egg and small flames fry it and you can take it out of the pan.", "name_lv": "Katru ripiņu apvārta miltos, tad olā un liek cepties sakarsētās taukvielās, līdz katra ripiņa zeltaina. Nav nepieciešams cept ilgi, jo kabacim jāpaliek stingram - apcepas ola un nelielas liesmas un var ņemt nost no pannas.", "name_ru": "Каждый рулет обвалять в муке, затем в яйце и обжаривать на разогретом жире до золотистого цвета. Долго жарить не обязательно, ведь кабачки должны остаться твердыми – яйцо и небольшой огонь поджаривают их и можно доставать из сковороды."}}, {"model": "recipes.cookingstepinstruction", "pk": 29, "fields": {"recipe": 8, "step_number": 4, "name_en": "Then clean carrots - grate, onions - cut. Fry everything in a pan. Also, do not cook for long until the vegetables change color and become softer. Persilada is added here - a seasoning that includes salt, parsley and dried garlic.", "name_lv": "Tad notīra burkānus - sarīvē, sīpolus - sagriež. Visu liek pannā cepties. Arī necep ilgi, līdz dārzeņi maina krāsu un kļūst mīkstāki. Šeit pievieno persilādi - garšviela, kas sevī ietver sāli, pētersīļus un kaltētu ķiploku.", "name_ru": "Затем чистим морковь – натираем, лук – режем. Обжарьте все на сковороде. Также не готовьте долго, пока овощи не изменят цвет и не станут мягче. Сюда добавляется персилада – приправа, в состав которой входит соль, петрушка и сушеный чеснок."}}, {"model": "recipes.cookingstepinstruction", "pk": 30, "fields": {"recipe": 8, "step_number": 5, "name_en": "Prepare the rest of the ingredients - grate the cheese (you can use it at your own discretion, I use Maasdam).", "name_lv": "Sagatavo pārējās sastāvdaļas - sarīvē sieru (to var ņemt pēc paša ieskatiem, es izmantoju Maasdam).", "name_ru": "Подготовьте остальные ингредиенты – натрите сыр (можете использовать по своему усмотрению, я использую Маасдам)."}}, {"model": "recipes.cookingstepinstruction", "pk": 31, "fields": {"recipe": 8, "step_number": 6, "name_en": "Chop the dill and garlic, pour the beaten egg into a bowl, pour over the sweet cream.", "name_lv": "Sasmalcina dilles un ķiploku, ber bļodiņā kurā sakulta ola, pārlej ar saldo krējumu.", "name_ru": "Нарезаем укроп и чеснок, выливаем в миску взбитое яйцо, заливаем сладкими сливками."}}, {"model": "recipes.cookingstepinstruction", "pk": 32, "fields": {"recipe": 8, "step_number": 7, "name_en": "Layer the concoction: put the zucchini slices at the bottom of the dish, cover the carrot and onion mass on top.", "name_lv": "Kārto sacepumu: trauka apakšā liek kabača šķēles, pa virsu klāj burkānu un sīpolu masu.", "name_ru": "Выкладываем смесь слоями: на дно формы выкладываем ломтики кабачков, сверху накрываем морковно-луковой массой."}}, {"model": "recipes.cookingstepinstruction", "pk": 33, "fields": {"recipe": 8, "step_number": 8, "name_en": "Add a little cheese.", "name_lv": "Uzber nedaudz sieru.", "name_ru": "Добавьте немного сыра."}}, {"model": "recipes.cookingstepinstruction", "pk": 34, "fields": {"recipe": 8, "step_number": 9, "name_en": "Place the layers one after the other until the container is full.", "name_lv": "Liek kārtas secīgi vienu pēc otras, līdz trauks pilns.", "name_ru": "Выкладывайте слои один за другим, пока контейнер не заполнится."}}, {"model": "recipes.cookingstepinstruction", "pk": 35, "fields": {"recipe": 8, "step_number": 10, "name_en": "You can put more carrots and onions, you can safely use any other vegetable, for example, paprika.", "name_lv": "Burkānus un sīpolus var likt vairāk, droši var izmantot arī kādu citu dārzeni, piemēram, papriku.", "name_ru": "Моркови и лука можно положить побольше, можно смело использовать любой другой овощ, например, перец."}}, {"model": "recipes.cookingstepinstruction", "pk": 36, "fields": {"recipe": 8, "step_number": 11, "name_en": "When all the layers are arranged, pour over the cream-dill mass and add a little more cheese.", "name_lv": "Kad visas kārtas sakārtotas, pārlej ar krējuma-diļļu masu un uzber vēl nedaudz sieru.", "name_ru": "Когда все слои разложены, залейте сливочно-укропной массой и добавьте еще немного сыра."}}, {"model": "recipes.cookingstepinstruction", "pk": 37, "fields": {"recipe": 8, "step_number": 12, "name_en": "Preheat the oven. Bake at 190 degrees for 20 minutes.", "name_lv": "Krāsni iepriekš sakarsē. Cep 190 grādos 20 minūtes.", "name_ru": "Разогрейте духовку. Выпекать при 190 градусах 20 минут."}}, {"model": "recipes.cookingstepinstruction", "pk": 38, "fields": {"recipe": 9, "step_number": 1, "name_en": "Spread 1 kg of salt evenly on the pan.", "name_lv": "Uz pannas vienmērīgi izlīdzina 1 kg sāls,.", "name_ru": "Равномерно распределите по сковороде 1 кг соли."}}, {"model": "recipes.cookingstepinstruction", "pk": 39, "fields": {"recipe": 9, "step_number": 2, "name_en": "Then lay the chicken belly down on the salt and bake for about 40 minutes at 200 degrees.", "name_lv": "Tad vistu nogulda ar vēderu uz sāls un cep apmēram 40 minūtes 200 grādos.", "name_ru": "Затем выложите на соль куриное брюшко вниз и запекайте около 40 минут при 200 градусах."}}, {"model": "recipes.cookingstepinstruction", "pk": 40, "fields": {"recipe": 9, "step_number": 3, "name_en": "When a brown crust appears on the chicken, take it out of the oven and smear the top with mayonnaise and bake for another 15 minutes until the mayonnaise \"coat\" turns golden brown.", "name_lv": "Kad vistiņai parādās brūna garoziņa, to izvelk no krāsns un nosmērē virspusi ar majonēzi un cep vēl 15 minūtes līdz majonēzes \"kažociņš\" kļūst zeltaini brūns.", "name_ru": "Когда на курице появится румяная корочка, достаньте ее из духовки, смажьте сверху майонезом и запекайте еще 15 минут, пока майонезная «шубка» не станет золотисто-коричневой."}}, {"model": "recipes.cookingstepinstruction", "pk": 41, "fields": {"recipe": 10, "step_number": 1, "name_en": "Cut a thick slice of feta, dry it thoroughly, roll it in flour, then in a beaten egg, then in panko breadcrumbs. Leave it to soak for 5 minutes.", "name_lv": "Nogriež biezu šķēli fetas, kārtīgi nosusina, apviļā miltos, tad sakultā olā, pēc tam – panko rīvmaizē. Atstāj uz 5 minūtēm ievilkties.", "name_ru": "Нарезаем толстый ломтик феты, тщательно обсушиваем, обваливаем в муке, затем во взбитом яйце, затем в сухарях панко. Оставляем пропитываться на 5 минут."}}, {"model": "recipes.cookingstepinstruction", "pk": 42, "fields": {"recipe": 10, "step_number": 2, "name_en": "Bake in a large amount of oil at +180C for about 8 minutes.", "name_lv": "Cep lielā eļļas daudzumā +180C aptuveni 8 minūtes.", "name_ru": "Выпекать в большом количестве масла при +180С около 8 минут."}}, {"model": "recipes.cookingstepinstruction", "pk": 43, "fields": {"recipe": 10, "step_number": 3, "name_en": "Drain the excess oil by placing the golden browned cheese on a paper towel.", "name_lv": "Notecina lieko eļļu, uzliekot zeltaini apbrūnējušo sieru uz papīra dvieļa.", "name_ru": "Слейте излишки масла, положив золотисто-коричневый сыр на бумажное полотенце."}}, {"model": "recipes.cookingstepinstruction", "pk": 44, "fields": {"recipe": 10, "step_number": 4, "name_en": "Grated grapefruit peel and juice are mixed with pomegranate syrup and honey.", "name_lv": "Rīvētu greipfrūta mizu un sulu sajauc ar granātābolu sīrupu un medu.", "name_ru": "Натертую кожуру и сок грейпфрута смешать с гранатовым сиропом и медом."}}, {"model": "recipes.cookingstepinstruction", "pk": 45, "fields": {"recipe": 10, "step_number": 5, "name_en": "Put the berries on the serving plate, pour over the sauce, put the fried cheese on top. Bon appetite!", "name_lv": "Uz servējamā šķīvja liek ogas, pārlej ar mērci, virsū liek apcepto sieru. Labu apetīti!", "name_ru": "Выложите ягоды на сервировочную тарелку, полейте соусом, сверху выложите жареный сыр. Приятного аппетита!"}}, {"model": "recipes.cookingstepinstruction", "pk": 46, "fields": {"recipe": 11, "step_number": 1, "name_en": "Whip the sweet cream with sugar into a whipped cream.", "name_lv": "Saldo krējumu ar cukuru sakuļ putukrējumā.", "name_ru": "Взбейте сладкие сливки с сахаром во взбитые сливки."}}, {"model": "recipes.cookingstepinstruction", "pk": 47, "fields": {"recipe": 11, "step_number": 2, "name_en": "Break the gingerbread into small pieces, stir into the whipped cream, put the cream in the refrigerator to harden a little.", "name_lv": "Piparkūkas salauž mazos gabaliņos, iemaisa putukrējumā, krēmu noliek ledusskapī nedaudz savilkties.", "name_ru": "Разломайте пряники на небольшие кусочки, вмешайте их во взбитые сливки, поставьте крем в холодильник, чтобы он немного застыл."}}, {"model": "recipes.cookingstepinstruction", "pk": 48, "fields": {"recipe": 11, "step_number": 3, "name_en": "If frozen berries are used, thaw them. Then put the berries in a blender and blend.", "name_lv": "Ja izmanto saldētas ogas, tās atlaidina. Tad liek ogas blenderī un sablendē.", "name_ru": "Если используются замороженные ягоды, разморозьте их. Затем положите ягоды в блендер и измельчите."}}, {"model": "recipes.cookingstepinstruction", "pk": 49, "fields": {"recipe": 11, "step_number": 4, "name_en": "Peel the tangerines, divide them into wedges.", "name_lv": "Mandarīnus nomizo, sadala daiviņās.", "name_ru": "Очистите мандарины, разделите их на дольки."}}, {"model": "recipes.cookingstepinstruction", "pk": 50, "fields": {"recipe": 11, "step_number": 5, "name_en": "Then arrange in dessert dishes (7-8 slices). Pour over the berry sauce, put the gingerbread cream on top. Decorate with gingerbread, tangerines, etc. decorations of your choice.", "name_lv": "Tad kārto deserta trauciņos (7-8 daiviņas). Pārlej ar ogu mērci, virspusē liek piparkūku krēmu. Rotā ar piparkūkām, mandarīniem u.c. dekoriem pēc izvēles.", "name_ru": "Затем разложить по десертным тарелкам (7-8 ломтиков). Полить ягодным соусом, сверху выложить имбирный крем. Украсить пряниками, мандаринами и т. д. украшения на ваш выбор."}}, {"model": "recipes.cookingstepinstruction", "pk": 51, "fields": {"recipe": 12, "step_number": 1, "name_en": "Finely chop the stalk of celery, onion and garlic. Blend the canned tomatoes.", "name_lv": "Seleriju kātu, sīpolu un ķiplokus sīki sakapā. Konservētos tomātus sablendē.", "name_ru": "Мелко нарезаем стебель сельдерея, лук и чеснок. Консервированные помидоры измельчаем."}}, {"model": "recipes.cookingstepinstruction", "pk": 52, "fields": {"recipe": 12, "step_number": 2, "name_en": "Heat olive oil in a pot, fry celery stalks, onions, garlic and fry for 3-4 minutes until the onions are transparent.", "name_lv": "Katliņā uzkarsē olīveļļu, liek cepties seleriju kātus, sīpolus, ķiplokus un cep 3-4 minūtes, līdz sīpoli ir caurspīdīgi.", "name_ru": "В кастрюле разогрейте оливковое масло, обжарьте стебли сельдерея, лук, чеснок и жарьте 3-4 минуты, пока лук не станет прозрачным."}}, {"model": "recipes.cookingstepinstruction", "pk": 53, "fields": {"recipe": 12, "step_number": 3, "name_en": "Then add the turkey peas with all the liquid, add the blended tomatoes, bouillon cubes, curry and cover everything with water.", "name_lv": "Tad pieber klāt turku zirņus ar visu šķidrumu, pievieno sablendētos tomātus, buljona kubiņus, kariju un visu pārlej ar ūdeni.", "name_ru": "Затем добавьте индюшатину со всей жидкостью, добавьте протертые томаты, бульонные кубики, карри и залейте все водой."}}, {"model": "recipes.cookingstepinstruction", "pk": 54, "fields": {"recipe": 12, "step_number": 4, "name_en": "When the water begins to bubble, add tuna, coconut milk, salt to taste and 1 teaspoon of sugar. When the soup bubbles, it is ready.", "name_lv": "Kad ūdens sāk burbuļot, pievieno tunci, kokosriekstu pienu, sāli pēc garšas un 1 tējkaroti cukura. Kad zupa uzmet burbuli, tā ir gatava.", "name_ru": "Когда вода начнет пузыриться, добавьте тунец, кокосовое молоко, соль по вкусу и 1 чайную ложку сахара. Когда суп запузырится, он готов."}}, {"model": "recipes.cookingstepinstruction", "pk": 55, "fields": {"recipe": 12, "step_number": 5, "name_en": "While the soup cools down a little, put the slices of bread on the grill and fry until golden and crispy. Remove from the grill, rub the edges with a clove of garlic.", "name_lv": "Kamēr zupa nedaudz atdziest, maizes šķēles liek uz grila un apcep zeltaini kraukšķīgas. Noņem no grila, ierīvē maliņas ar ķiploka daiviņu.", "name_ru": "Пока суп немного остывает, выложите на решетку ломтики хлеба и обжарьте до золотистой и хрустящей корочки. Снимите с гриля, натрите края зубчиком чеснока."}}, {"model": "recipes.cookingstepinstruction", "pk": 56, "fields": {"recipe": 12, "step_number": 6, "name_en": "Pour the soup into plates, sprinkle with chopped greens, serve with garlic buns.", "name_lv": "Lej zupu šķīvjos, pārkaisa ar kapātiem zaļumiem, pasniedz ar ķiplokmaizītēm.", "name_ru": "Разливаем суп по тарелкам, посыпаем рубленой зеленью, подаем с чесночными булочками"}}, {"model": "recipes.recipeimage", "pk": 3, "fields": {"recipe": 5, "image": "recipe_images/originals/Screenshot_from_2023-12-31_14-00-03.png", "thumbnail": "recipe_images/thumbnails/Screenshot_from_2023-12-31_14-00-03.png", "is_main_image": false}}, {"model": "recipes.recipeimage", "pk": 4, "fields": {"recipe": 5, "image": "recipe_images/originals/Screenshot_from_2023-12-31_14-00-18.png", "thumbnail": "recipe_images/thumbnails/Screenshot_from_2023-12-31_14-00-18.png", "is_main_image": false}}, {"model": "recipes.recipeimage", "pk": 5, "fields": {"recipe": 5, "image": "recipe_images/originals/Screenshot_from_2023-12-31_14-00-25.png", "thumbnail": "recipe_images/thumbnails/Screenshot_from_2023-12-31_14-00-25.png", "is_main_image": false}}, {"model": "recipes.recipeimage", "pk": 8, "fields": {"recipe": 12, "image": "recipe_images/originals/Screenshot_from_2023-12-31_14-00-25.png", "thumbnail": "recipe_images/thumbnails/Screenshot_from_2023-12-31_14-00-25.png", "is_main_image": false}}, {"model": "recipes.recipeimage", "pk": 10, "fields": {"recipe": 3, "image": "recipe_images/originals/Screenshot_from_2023-12-31_14-00-18.png", "thumbnail": "recipe_images/thumbnails/thumb_Screenshot_from_2023-12-31_14-00-18.png", "is_main_image": false}}, {"model": "recipes.recipeimage", "pk": 11, "fields": {"recipe": 13, "image": "recipe_images/originals/Screenshot_from_2023-12-31_14-00-25.png", "thumbnail": "recipe_images/thumbnails/thumb_Screenshot_from_2023-12-31_14-00-25.png", "is_main_image": false}}]